id,name,desc,category,active,card_css,style_json
1,Shell 命令行,请用 Linux Shell 命令行的格式写日记，每条记录以 $ 开头，使用命令和输出的形式表达今天发生的事情,code,true,,
2,汇编语言,请用 x86 汇编语言的语法写日记，使用 MOV、ADD、JMP 等指令和寄存器来描述你的一天,code,true,,
3,C 语言代码,请用 C 语言代码的格式写日记，包含 main 函数、变量定义、注释和流程控制语句,code,true,"/* ============ C 语言代码卡片 ============ */
.gallery-card {
    background-color: #1e1e1e;
    color: #d4d4d4;
    border: 1px solid #333;
    font-family: ""Consolas"", ""Courier New"", monospace;
    padding: 14px 14px 14px 14px;
    box-shadow: inset 0 0 30px rgba(0,0,0,0.3);
}
.gallery-card::before {
    content: ""#include <stdio.h>"";
    display: block;
    font-size: 11px;
    color: #c586c0;
    white-space: pre;
    margin-bottom: 10px;
}
.card-title {
    font-size: 13px;
    color: #ce9178;
    font-weight: normal;
    margin-bottom: 0;
}
.card-title::before {
    content: ""int main(void) {\A    char title[] = \"""";
    white-space: pre;
    color: #569cd6;
    font-size: 12px;
}
.card-title::after {
    content: ""\"";"";
    color: #ce9178;
}
.card-date {
    font-size: 10px;
    color: #6a9955;
    font-style: normal;
    margin: 2px 0 10px 0;
}
.card-date::before { content: ""    // ""; }
.card-highlight-item {
    font-size: 11px;
    color: #ce9178;
    margin-bottom: 0;
    line-height: 1.55;
}
.card-highlight-item::before {
    content: ""    printf(\"""";
    color: #dcdcaa;
}
.card-highlight-item::after {
    content: ""\"");"";
    color: #dcdcaa;
}
.hl-sep { display: none; }
.card-no-highlight {
    font-size: 10px;
    color: #6a9955;
    font-style: normal;
    margin: 4px 0;
}
.card-no-highlight::before { content: ""    // TODO: diary entry""; }
.card-style {
    font-size: 10px;
    color: #6a9955;
    margin-top: 10px;
}
.card-style::before {
    content: ""    return 0;\A}\A// style: "";
    white-space: pre;
    color: #569cd6;
}
.gallery-card:hover {
    box-shadow: 4px 4px 0 #569cd6, inset 0 0 30px rgba(0,0,0,0.3);
    transform: translate(-2px, -2px);
}",
4,Python 脚本,请用 Python 脚本的格式写日记，使用函数、类、注释和 print 语句来记录今天的经历,code,true,,
5,JavaScript 代码,请用 JavaScript 代码的格式写日记，使用变量、函数、事件和控制台输出来记录,code,true,"/* ============ JavaScript 代码卡片 ============ */
/* 基底：Chrome DevTools Console 浅色主题 */
.gallery-card {
    background-color: #ffffff;
    color: #1e1e1e;
    border: 1px solid #d4d4d4;
    font-family: ""Consolas"", ""Courier New"", monospace;
    padding: 14px;
    box-shadow: 0 2px 8px rgba(0,0,0,0.06);
}
/* 标题 → const 变量声明 + > 提示符 */
.card-title {
    font-size: 12px;
    color: #c41a16;
    font-weight: normal;
    margin-bottom: 0;
    line-height: 1.5;
}
.card-title::before {
    content: ""> const title = \"""";
    color: #0066ff;
}
.card-title::after {
    content: ""\"""";
    color: #c41a16;
}
/* 日期 → 单行注释 */
.card-date {
    font-size: 11px;
    color: #6a9955;
    font-style: normal;
    margin: 0 0 8px 0;
    line-height: 1.5;
}
.card-date::before { content: ""// ""; }
/* 精华句 → console.log() 调用 */
.card-highlight-item {
    font-size: 11px;
    color: #c41a16;
    margin-bottom: 0;
    line-height: 1.5;
}
.card-highlight-item::before {
    content: ""console.log(\"""";
    color: #795e26;
}
.card-highlight-item::after {
    content: ""\"")"";
    color: #795e26;
}
/* 分隔符消失 */
.hl-sep { display: none; }
/* 无精华 → 注释占位 */
.card-no-highlight {
    font-size: 10px;
    color: #6a9955;
    font-style: normal;
    margin: 4px 0;
    line-height: 1.5;
}
.card-no-highlight::before { content: ""// no output""; }
/* 风格标签 → > 注释 */
.card-style {
    font-size: 10px;
    color: #6a9955;
    margin-top: 8px;
}
.card-style::before { content: ""> // ""; }
/* hover：DevTools 蓝色投影 */
.gallery-card:hover {
    box-shadow: 4px 4px 0 #0066ff, 0 2px 8px rgba(0,0,0,0.06);
    transform: translate(-2px, -2px);
}",
6,TypeScript 接口,请用 TypeScript 接口的格式写日记，定义今天发生的所有事件的类型和结构,code,true,,
7,SQL 查询,请用 SQL 查询语句的格式写日记，使用 SELECT、INSERT、UPDATE、WHERE 等子句来描述事件,code,true,"/* 卡片容器：深蓝灰编辑器实底，数据库工具经典配色 */
.gallery-card {
  background: #1e293b;
  border: 1px solid #334155;
  padding: 14px 16px;
  font-family: ""Consolas"", ""Monaco"", monospace;
  position: relative;
  line-height: 1.6;
  color: #e2e8f0;
  box-shadow: 0 1px 3px rgba(0, 0, 0, 0.15);
  transition: transform 0.2s ease, box-shadow 0.2s ease;
}

.gallery-card:hover {
  transform: translateY(-1px);
  box-shadow: 0 3px 8px rgba(0, 0, 0, 0.2);
}

/* 标题：SQL注释式标题，模拟查询脚本说明 */
.card-title {
  font-size: 14px;
  font-weight: 500;
  color: #e2e8f0;
  padding-bottom: 6px;
  border-bottom: 1px solid #334155;
  margin-bottom: 8px;
}

.card-title::before {
  content: ""-- "";
  color: #64748b;
  font-weight: normal;
}

/* 日期：查询执行时间，右对齐弱化显示 */
.card-date {
  font-size: 10px;
  color: #64748b;
  text-align: right;
  margin-bottom: 12px;
}

.card-date::before {
  content: ""Query Time: "";
}

/* 精华句：单条SQL语句，关键字高亮 + 语句闭合符号 */
.card-highlight-item {
  font-size: 12px;
  color: #e2e8f0;
  line-height: 1.7;
  margin: 4px 0;
  word-break: break-all;
}

/* 前缀：SQL关键字，亮蓝色标准语法高亮 */
.card-highlight-item::before {
  color: #60a5fa;
  font-weight: 500;
}

/* 后缀：语句闭合符号，琥珀色模拟字符串/语法标记 */
.card-highlight-item::after {
  color: #fbbf24;
}

/* 不同条目对应不同SQL操作，覆盖核心子句 */
.card-highlight-item:nth-of-type(1)::before { content: ""SELECT * FROM daily_log WHERE ""; }
.card-highlight-item:nth-of-type(1)::after { content: "";""; }

.card-highlight-item:nth-of-type(2)::before { content: ""INSERT INTO events VALUES ('""; }
.card-highlight-item:nth-of-type(2)::after { content: ""');""; }

.card-highlight-item:nth-of-type(3)::before { content: ""UPDATE todo SET status = 'done' WHERE ""; }
.card-highlight-item:nth-of-type(3)::after { content: "";""; }

.card-highlight-item:nth-of-type(4)::before { content: ""DELETE FROM bad_mood WHERE ""; }
.card-highlight-item:nth-of-type(4)::after { content: "";""; }

/* 分隔符：SQL注释分隔线，区隔不同语句块 */
.hl-sep {
  background: transparent;
  height: auto;
  margin: 4px 0;
}

.hl-sep::before {
  content: ""-- --------------------"";
  font-size: 10px;
  color: #64748b;
  letter-spacing: 0;
}

/* 无精华句：模拟MySQL空结果返回 */
.card-no-highlight {
  font-size: 11px;
  color: #64748b;
  text-align: center;
  padding: 20px 0;
  font-style: normal;
}

.card-no-highlight::before {
  content: ""Empty set (0.00 sec)"";
  display: block;
  color: #64748b;
  margin-bottom: 4px;
}

/* 扭蛋名标签：查询模式标注，页脚格式 */
.card-style {
  font-size: 9px;
  color: #64748b;
  text-align: right;
  margin-top: 10px;
  padding-top: 6px;
  border-top: 1px solid #334155;
}

.card-style::before {
  content: ""SQL Mode: "";
}",
8,JSON 数据,请用严格的 JSON 格式写日记，使用键值对、数组和嵌套对象来结构化记录今天的所有事情,tech,true,,
9,XML 文档,请用 XML 文档的格式写日记，使用标签、属性和嵌套元素来组织内容,tech,true,"/* ============ XML 文档卡片 ============ */
.gallery-card {
    background-color: #1e1e1e;
    color: #d4d4d4;
    border: 1px solid #333;
    font-family: ""Consolas"", ""Courier New"", monospace;
    padding: 14px;
    box-shadow: inset 0 0 30px rgba(0,0,0,0.3);
}
/* XML 声明 + 根元素开标签 */
.gallery-card::before {
    content: ""<?xml version=\""1.0\""?>\A<diary>"";
    display: block;
    font-size: 11px;
    color: #808080;
    white-space: pre;
    margin-bottom: 4px;
}
/* 标题 → <title>...</title> */
.card-title {
    font-size: 12px;
    color: #d4d4d4;
    font-weight: normal;
    margin-bottom: 0;
    line-height: 1.5;
}
.card-title::before { content: ""    <title>"";  color: #569cd6; }
.card-title::after  { content: ""</title>""; color: #569cd6; }
/* 日期 → <date>...</date> */
.card-date {
    font-size: 11px;
    color: #d4d4d4;
    font-style: normal;
    margin: 0 0 8px 0;
    line-height: 1.5;
}
.card-date::before { content: ""    <date>"";  color: #569cd6; }
.card-date::after  { content: ""</date>"";  color: #569cd6; }
/* 精华句 → <highlight>...</highlight> */
.card-highlight-item {
    font-size: 11px;
    color: #d4d4d4;
    margin-bottom: 0;
    line-height: 1.5;
}
.card-highlight-item::before { content: ""    <highlight>"";  color: #569cd6; }
.card-highlight-item::after  { content: ""</highlight>"";  color: #569cd6; }
/* 分隔符消失 */
.hl-sep { display: none; }
/* 无精华 → XML 注释 */
.card-no-highlight {
    font-size: 10px;
    color: #6a9955;
    font-style: normal;
    margin: 4px 0;
    line-height: 1.5;
}
.card-no-highlight::before { content: ""    <!-- no highlights -->""; }
/* 风格标签 → <style> + 闭合根元素 */
.card-style {
    font-size: 11px;
    color: #d4d4d4;
    margin-top: 8px;
    line-height: 1.5;
}
.card-style::before { content: ""    <style>"";  color: #569cd6; }
.card-style::after  { content: ""</style>\A</diary>""; white-space: pre; color: #569cd6; }
/* hover：标签名蓝色投影 */
.gallery-card:hover {
    box-shadow: 4px 4px 0 #569cd6, inset 0 0 30px rgba(0,0,0,0.3);
    transform: translate(-2px, -2px);
}",
10,CSV 表格,请用 CSV 逗号分隔值的格式写日记，第一行是表头，后面每行是一条记录,tech,true,,
11,YAML 配置,请用 YAML 配置文件的格式写日记，使用缩进、冒号和短横线来组织层级结构,tech,true,,
12,INI 配置,请用 INI 配置文件的格式写日记，使用 [节] 和键 = 值的形式组织内容,tech,true,,
13,Dockerfile,请用 Dockerfile 的语法写日记，使用 FROM、RUN、COPY、CMD 等指令来构建你的一天,tech,true,,
14,Nginx 配置,请用 Nginx 配置文件的格式写日记，使用块、指令和分号来组织内容,tech,true,,
15,Makefile,请用 Makefile 的格式写日记，使用目标、依赖和命令来构建你的一天,tech,true,,
16,Git 提交日志,请用 Git 提交日志的格式写日记，每条记录包含简短的标题和详细的描述，使用 feat、fix、docs 等前缀,tech,true,,
17,系统日志,请用 Linux 系统日志的格式写日记，包含时间戳、主机名、进程名和日志级别,tech,true,,
18,API 响应,请用 REST API 响应的格式写日记，包含状态码、消息和数据字段,tech,true,,
19,TCP 数据包,请用 TCP 数据包的格式写日记，包含源地址、目的地址、序列号和数据载荷,tech,true,,
20,会议纪要,请用会议纪要的格式写日记，包含会议时间、地点、参会人员、议题和决议,work,true,,
21,新闻报道,请用新闻报道的格式写日记，包含标题、导语、正文和结尾，遵循倒金字塔结构,work,true,,
22,产品说明书,请用产品说明书的格式写日记，介绍你今天的功能、使用方法和注意事项,format,true,,
23,合同协议,请用合同协议的格式写日记，包含甲方乙方、权利义务、违约责任和生效日期,work,true,"/* 卡片容器：纯白正式打印纸基底 + 双边框模拟合同封边 */
.gallery-card {
  background: #ffffff;
  border: 1px solid var(--pixel-dark);
  outline: 1px solid var(--pixel-dark);
  outline-offset: 3px;
  padding: 16px 18px;
  font-family: ""FangSong"", ""SimSun"", serif;
  position: relative;
  line-height: 1.6;
  box-shadow: 0 1px 3px rgba(30, 38, 34, 0.1);
  transition: transform 0.2s ease, box-shadow 0.2s ease;
}

.gallery-card:hover {
  transform: translateY(-1px);
  box-shadow: 0 3px 6px rgba(30, 38, 34, 0.12);
}

/* 左上角协议编号：标准合同必备元数据 */
.gallery-card::before {
  content: ""编号：DAILY-2026"";
  position: absolute;
  top: 12px;
  left: 20px;
  font-size: 9px;
  color: var(--pixel-dim);
  pointer-events: none;
}

/* 标题：协议名称居中加粗，下方横线分隔正文，符合公文格式 */
.card-title {
  font-size: 15px;
  font-weight: 700;
  text-align: center;
  color: var(--pixel-dark);
  padding-bottom: 6px;
  border-bottom: 1px solid var(--pixel-dark);
  margin-top: 8px;
  margin-bottom: 10px;
  letter-spacing: 1px;
}

.card-title::before {
  content: ""【履约协议】"";
  font-size: 12px;
  font-weight: normal;
  color: var(--pixel-dim);
  margin-right: 6px;
  letter-spacing: 0;
}

/* 日期：生效日期右对齐，对应合同生效时间要素 */
.card-date {
  font-size: 10px;
  color: var(--pixel-dim);
  text-align: right;
  margin-bottom: 12px;
}

.card-date::before {
  content: ""生效日期："";
}

/* 精华句：合同条款格式，首行缩进 + 条款标题独占一行 */
.card-highlight-item {
  font-size: 12px;
  color: var(--pixel-dark);
  margin: 8px 0;
  line-height: 1.6;
  text-indent: 2em;
}

/* 条款标题：独占一行、加粗，对应甲乙双方、违约责任等核心要素 */
.card-highlight-item::before {
  display: block;
  font-weight: 600;
  font-size: 12px;
  text-indent: 0;
  margin-bottom: 3px;
  color: var(--pixel-dark);
}

.card-highlight-item:nth-of-type(1)::before {
  content: ""第一条 甲方权利与义务"";
}
.card-highlight-item:nth-of-type(2)::before {
  content: ""第二条 乙方权利与义务"";
}
.card-highlight-item:nth-of-type(3)::before {
  content: ""第三条 违约责任"";
}

/* 分隔符：淡灰细线，区隔不同条款，不抢视觉重心 */
.hl-sep {
  height: 1px;
  background: var(--pixel-dim);
  opacity: 0.25;
  margin: 4px 0;
}

/* 无精华句：空协议占位 */
.card-no-highlight {
  font-size: 11px;
  color: var(--pixel-dim);
  text-align: center;
  padding: 20px 0;
}

.card-no-highlight::before {
  content: ""本协议无约定条款"";
}

/* 扭蛋名标签：协议类别标注，页脚格式 */
.card-style {
  font-size: 9px;
  color: var(--pixel-dim);
  text-align: right;
  margin-top: 12px;
  padding-top: 6px;
  border-top: 1px dashed var(--pixel-dim);
}

.card-style::before {
  content: ""协议类别："";
}",
24,法律判决书,请用法律判决书的格式写日记，包含原告被告、事实认定、判决理由和判决结果,work,true,,
25,病历记录,请用医院病历记录的格式写日记，包含主诉、现病史、体格检查和诊断意见,format,true,,
26,快递单,请用快递单的格式写日记，包含寄件人、收件人、物品名称、重量和运费,life,true,,
27,发票,请用发票的格式写日记，包含发票号码、日期、商品名称、数量、单价和金额,work,true,"/* 卡片容器：米黄发票纸基底 + 细灰边框，模拟针式打印质感 */
.gallery-card {
  background: #fffdf7;
  border: 1px solid rgba(112, 122, 101, 0.4);
  padding: 16px;
  font-family: ""Consolas"", ""SimSun"", monospace;
  position: relative;
  box-shadow: 0 1px 3px rgba(30, 38, 34, 0.08);
  transition: transform 0.2s ease, box-shadow 0.2s ease;
}

.gallery-card:hover {
  transform: translateY(-1px);
  box-shadow: 0 3px 6px rgba(30, 38, 34, 0.12);
}

/* 左上角：发票号码（发票核心标识） */
.gallery-card::before {
  content: ""No. DLY-20260612"";
  position: absolute;
  top: 12px;
  left: 16px;
  font-size: 9px;
  color: var(--pixel-dim);
  pointer-events: none;
}

/* 右上角：发票联次标识 */
.gallery-card::after {
  content: ""第二联 · 发票联"";
  position: absolute;
  top: 12px;
  right: 16px;
  font-size: 9px;
  color: var(--pixel-dim);
  pointer-events: none;
}

/* 标题：发票抬头，暗红双线对应官方发票的红色监制栏 */
.card-title {
  font-size: 15px;
  font-weight: 700;
  text-align: center;
  color: var(--pixel-alert);
  padding-bottom: 6px;
  border-bottom: 2px solid var(--pixel-alert);
  margin-top: 14px;
  margin-bottom: 8px;
  letter-spacing: 1px;
}

.card-title::before {
  content: ""▌"";
  margin-right: 6px;
}

.card-title::after {
  content: ""▌"";
  margin-left: 6px;
}

/* 日期：开票日期，标准发票右对齐格式 */
.card-date {
  font-size: 10px;
  color: var(--pixel-dim);
  text-align: right;
  margin-bottom: 12px;
}

.card-date::before {
  content: ""开票日期："";
}

/* 精华句：商品明细行，两端对齐模拟发票「左商品名 / 右金额」的排版 */
.card-highlight-item {
  font-size: 12px;
  color: var(--pixel-dark);
  line-height: 1.8;
  padding: 2px 10px;
  text-align: justify;
  text-align-last: justify;
}

/* 覆盖默认前缀，保持明细行纯净排版 */
.card-highlight-item::before {
  content: """";
}

/* 分隔符：表格行线，区隔不同商品条目 */
.hl-sep {
  height: 1px;
  background: rgba(112, 122, 101, 0.25);
  margin: 0 10px;
}

/* 无精华句：空发票占位 */
.card-no-highlight {
  font-size: 11px;
  color: var(--pixel-dim);
  text-align: center;
  padding: 20px 0;
}

.card-no-highlight::before {
  content: ""[ 暂无消费明细 ]"";
}

/* 扭蛋名标签：票据类型标注，发票底部页脚格式 */
.card-style {
  font-size: 9px;
  color: var(--pixel-dark);
  text-align: right;
  padding-top: 8px;
  border-top: 1px solid rgba(112, 122, 101, 0.4);
  margin-top: 8px;
}

.card-style::before {
  content: ""票据类型："";
  color: var(--pixel-dim);
}",
28,收据,请用收据的格式写日记，确认今天收到了什么，付出了什么,work,true,,
29,请假条,请用请假条的格式写日记，向未来的自己请假，说明原因和时间,work,true,,
30,求职简历,请用求职简历的格式写日记，列出今天的个人信息、工作经历和技能,work,true,,
31,招聘启事,请用招聘启事的格式写日记，招聘明天的自己，列出岗位职责和要求,work,true,,
32,餐厅菜单,请用餐厅菜单的格式写日记，将今天发生的事情分类为前菜、主菜、甜点和饮品,life,true,,
33,购物清单,请用购物清单的格式写日记，列出今天完成的、未完成的和需要记住的事情,life,true,"/* 卡片容器：淡黄色便签实底 + 微倾斜模拟随手张贴质感 */
.gallery-card {
  background: #fff9e6;
  border: 1px solid #f0e6c8;
  padding: 14px 16px;
  font-family: ""Microsoft YaHei"", sans-serif;
  position: relative;
  box-shadow: 2px 2px 5px rgba(30, 38, 34, 0.08);
  transform: rotate(-0.3deg);
  transition: transform 0.2s ease, box-shadow 0.2s ease;
}

.gallery-card:hover {
  transform: rotate(0deg) translateY(-1px);
  box-shadow: 0 3px 8px rgba(30, 38, 34, 0.12);
}

/* 标题：清单主标题，虚线分隔模拟便签撕边 */
.card-title {
  font-size: 14px;
  font-weight: 600;
  color: var(--pixel-dark);
  padding-bottom: 6px;
  border-bottom: 1px dashed #e0d6b8;
  margin-bottom: 8px;
}

.card-title::before {
  content: ""□ "";
  color: var(--pixel-alert);
  font-size: 13px;
}

/* 日期：采购日期标注，右对齐弱化 */
.card-date {
  font-size: 10px;
  color: var(--pixel-dim);
  text-align: right;
  margin-bottom: 10px;
}

.card-date::before {
  content: ""采购日期："";
}

/* 精华句：清单项，左侧复选框，默认未完成状态 */
.card-highlight-item {
  font-size: 12px;
  color: var(--pixel-dark);
  line-height: 1.8;
  padding-left: 22px;
  position: relative;
  margin: 3px 0;
}

/* 默认前缀：空复选框，对应未完成事项 */
.card-highlight-item::before {
  position: absolute;
  left: 0;
  top: 1px;
  font-size: 12px;
  color: var(--pixel-dim);
  content: ""□"";
}

/* 前两项：已完成，打勾标记，颜色弱化模拟已勾选状态 */
.card-highlight-item:nth-of-type(1)::before,
.card-highlight-item:nth-of-type(2)::before {
  content: ""√"";
  color: #2e7d32;
  font-weight: 600;
}

/* 最后一项：需记住事项，星号高亮 + 浅黄底模拟荧光笔标记 */
.card-highlight-item:last-of-type {
  background: rgba(255, 220, 100, 0.25);
  padding: 2px 6px 2px 22px;
  border-radius: 2px;
}
.card-highlight-item:last-of-type::before {
  content: ""★"";
  color: var(--pixel-alert);
  left: 6px;
}

/* 分隔符：分类标题，区隔不同状态的事项 */
.hl-sep {
  margin: 8px 0 4px 0;
}

.hl-sep::before {
  font-size: 10px;
  font-weight: 600;
  color: var(--pixel-dim);
  letter-spacing: 1px;
}

.hl-sep:nth-of-type(1)::before { content: ""▸ 待采购""; }
.hl-sep:nth-of-type(2)::before { content: ""▸ 注意事项""; }

/* 无精华句：空清单占位 */
.card-no-highlight {
  font-size: 11px;
  color: var(--pixel-dim);
  text-align: center;
  padding: 20px 0;
}

.card-no-highlight::before {
  content: ""今日暂无采购计划"";
}

/* 扭蛋名标签：清单类型标注，虚线分隔 */
.card-style {
  font-size: 9px;
  color: var(--pixel-dim);
  text-align: right;
  margin-top: 10px;
  padding-top: 6px;
  border-top: 1px dashed #e0d6b8;
}

.card-style::before {
  content: ""清单类型："";
}",
34,待办事项,请用待办事项列表的格式写日记，使用复选框标记已完成和未完成的任务,life,true,,
35,菜谱,请用菜谱的格式写日记，包含食材、调料、步骤和烹饪技巧,life,true,,
36,游戏攻略,请用游戏攻略的格式写日记，描述今天的任务、关卡、获得的道具和遇到的敌人,life,true,,
37,考试试卷,请用考试试卷的格式写日记，包含选择题、填空题、简答题和论述题,life,true,,
38,调查问卷,请用调查问卷的格式写日记，提出关于今天的问题并给出自己的答案,life,true,,
39,超市价签,请用超市价签的格式写日记，每件事情都标注价格、产地、保质期和促销信息,life,true,,
40,地铁报站,请用地铁报站的格式写日记，每段都以 ' 前方到站 ' 开头，描述站点和换乘信息,life,true,,
41,天气预报,请用天气预报的格式写日记，描述今天的心情、状态和未来几天的预期,life,true,,
42,邮件,请用电子邮件的格式写日记，包含发件人、收件人、主题、正文和签名,work,true,,
43,微博,请用微博的格式写日记，不超过 140 字，可以带话题标签和表情,social,true,,
44,朋友圈,请用微信朋友圈的格式写日记，有文字、图片描述、点赞和评论,social,true,,
45,小红书笔记,请用小红书笔记的格式写日记，有吸引人的标题、emoji 和标签,social,true,,
46,抖音文案,请用抖音短视频文案的格式写日记，简短、有节奏感、适合口播,social,true,,
47,B 站弹幕,请用 B 站弹幕的格式写日记，每条不超过 20 字，用不同颜色表示不同情绪,social,true,,
48,论坛帖子,请用论坛帖子的格式写日记，有楼主、楼层、回复和引用,social,true,,
49,博客文章,请用个人博客文章的格式写日记，有标题、日期、正文和标签,social,true,,
50,微信聊天记录,请用微信聊天记录的格式写日记，包含头像、昵称、消息内容和时间,social,true,"/* 卡片容器：微信原生浅灰聊天背景，实色彻底覆盖LCD底色 */
.gallery-card {
  background: #f5f5f5;
  border: none;
  padding: 0 10px 12px 10px;
  font-family: ""PingFang SC"", ""Microsoft YaHei"", sans-serif;
  position: relative;
  transition: transform 0.2s ease, box-shadow 0.2s ease;
}

.gallery-card:hover {
  transform: translateY(-1px);
  box-shadow: 0 3px 8px rgba(0, 0, 0, 0.1);
}

/* 标题：聊天顶部标题栏，模拟微信会话页头部 */
.card-title {
  font-size: 14px;
  font-weight: 500;
  text-align: center;
  color: #333333;
  padding: 10px 0;
  border-bottom: 1px solid #e8e8e8;
  margin-bottom: 12px;
  background: #f7f7f7;
  margin: 0 -10px 12px -10px;
}

.card-title::before {
  content: ""[群聊] "";
  color: #07c160;
  font-size: 12px;
}

/* 日期：聊天时间分割线，还原微信居中灰底时间戳样式 */
.card-date {
  font-size: 9px;
  color: #b0b0b0;
  text-align: center;
  align-self: center;
  padding: 2px 6px;
  background: rgba(0, 0, 0, 0.06);
  border-radius: 3px;
  margin-bottom: 14px;
  line-height: 1.4;
}

/* 精华句：单条消息气泡 + 左侧头像 + 顶部昵称 */
.card-highlight-item {
  position: relative;
  margin-left: 48px;
  margin-bottom: 14px;
  padding: 8px 10px;
  background: #ffffff;
  border-radius: 0 8px 8px 8px;
  font-size: 12px;
  color: #333333;
  line-height: 1.5;
  max-width: 82%;
}

/* 昵称：气泡顶部灰色小字，还原微信群聊昵称显示 */
.card-highlight-item::before {
  display: block;
  font-size: 10px;
  color: #999999;
  margin-bottom: 4px;
  font-weight: normal;
}

/* 头像：左侧圆形头像，不同发言者不同颜色标识 */
.card-highlight-item::after {
  position: absolute;
  left: -44px;
  top: 0;
  width: 36px;
  height: 36px;
  border-radius: 50%;
  color: #ffffff;
  text-align: center;
  line-height: 36px;
  font-size: 14px;
  font-weight: 500;
}

/* 多人群聊：不同消息对应不同昵称与头像 */
.card-highlight-item:nth-of-type(1)::before { content: ""摸鱼小能手""; }
.card-highlight-item:nth-of-type(1)::after { content: ""摸""; background: #07c160; }
.card-highlight-item:nth-of-type(2)::before { content: ""冲浪一级选手""; }
.card-highlight-item:nth-of-type(2)::after { content: ""冲""; background: #ff9500; }
.card-highlight-item:nth-of-type(3)::before { content: ""日常记录员""; }
.card-highlight-item:nth-of-type(3)::after { content: ""记""; background: #576b95; }
.card-highlight-item:nth-of-type(4)::before { content: ""晚间播报员""; }
.card-highlight-item:nth-of-type(4)::after { content: ""播""; background: #9b59b6; }

/* 分隔符：消息间自然留白，无多余线条还原真实聊天间距 */
.hl-sep {
  height: 0;
  background: transparent;
  margin: 0;
}

/* 无精华句：空聊天占位 */
.card-no-highlight {
  font-size: 11px;
  color: #b0b0b0;
  text-align: center;
  padding: 25px 0;
}

.card-no-highlight::before {
  content: ""暂无聊天消息"";
}

/* 扭蛋名标签：底部会话类型标注 */
.card-style {
  font-size: 9px;
  color: #999999;
  text-align: right;
  margin-top: 8px;
  padding-top: 8px;
  border-top: 1px solid #e8e8e8;
}

.card-style::before {
  content: ""会话类型："";
}",
51,短信聊天记录,请用手机短信聊天记录的格式写日记，区分发送方和接收方，有时间戳,social,true,,
52,歌词,请用歌词的格式写日记，有主歌、副歌、桥段，押韵且有节奏感,creative,true,,
53,乐谱,请用简谱的格式写日记，用数字和符号表示今天的情绪高低和节奏,creative,true,,
54,电影字幕,请用电影字幕的格式写日记，每条字幕都有时间码，包含对话和场景描述,creative,true,,
55,梦境,请用梦境的风格写日记，逻辑混乱、时空跳跃、意象模糊，充满超现实的元素,creative,true,,
56,呓语,请用梦呓的风格写日记，断断续续、语无伦次、自言自语，没有完整的句子,creative,true,,
57,乱码,请用乱码的风格写日记，混合使用各种字符、符号和文字，制造出破碎、混乱的感觉,creative,true,,
58,电报,请用电报的风格写日记，语言极其简洁，省略所有虚词，只用关键词表达,creative,true,,
59,获奖感言,请用获奖感言的格式写日记，感谢今天帮助过你的人和事,creative,true,,
60,颁奖词,请用颁奖词的格式写日记，为今天的自己写一段颁奖词,creative,true,,
61,自我介绍,请用自我介绍的格式写日记，向陌生人介绍今天的自己,creative,true,,
62,悼词,请用悼词的格式写日记，悼念今天逝去的某个东西或某种状态,creative,true,,
63,墓志铭,请用墓志铭的格式写日记，用一句话总结今天的一生,creative,true,,
64,海报,请用海报的格式写日记，有大标题、副标题、图片说明和联系方式,media,true,,
65,传单,请用传单的格式写日记，内容简洁、有吸引力，突出重点信息,media,true,,
66,广告,请用广告的格式写日记，有口号、卖点、优惠信息和行动号召,media,true,,
67,黑板报,请用黑板报的格式写日记，有标题、插图、花边和不同字体的文字,media,true,,
68,手抄报,请用手抄报的格式写日记，有标题、插图、边框和不同板块的内容,media,true,"/* 容器：纯白实底 + 半色调网点 + 大块几何撞色，波普印刷质感 */
.gallery-card {
  background-color: #ffffff;
  background-image: 
    /* 波普半色调网点，模拟丝网印刷质感 */
    radial-gradient(circle, #ff3366 1.2px, transparent 1.2px),
    /* 右上角大块孟菲斯圆点，不是小点缀是面状装饰 */
    radial-gradient(circle at 100% 0%, #ffcc00 45px, transparent 45px),
    /* 左下角三角撞色块 */
    linear-gradient(135deg, #3399ff 0 32px, transparent 32px);
  background-size: 8px 8px, 100% 100%, 100% 100%;
  border: 3px solid #000000; /* 粗黑硬边，波普漫画核心特征 */
  border-radius: 0;
  padding: 20px 18px 16px 18px;
  font-family: ""Microsoft YaHei"", ""PingFang SC"", sans-serif;
  position: relative;
  line-height: 1.6;
  color: #000000;
  box-shadow: 6px 6px 0 #000000; /* 错位硬投影，波普海报感 */
  transition: transform 0.2s ease, box-shadow 0.2s ease;
}

.gallery-card:hover {
  transform: translate(-2px, -2px);
  box-shadow: 8px 8px 0 #000000;
}

/* 标题：波普报头，反白粗字 + 黑边 + 微倾斜，张扬有冲击力 */
.card-title {
  font-size: 16px;
  font-weight: 900;
  text-align: center;
  color: #ffffff;
  background: #ff3366;
  border: 2px solid #000000;
  padding: 6px 10px;
  margin-bottom: 14px;
  letter-spacing: 1px;
  transform: rotate(-0.8deg);
}

.card-title::before {
  content: ""■ "";
  color: #ffcc00;
  margin-right: 4px;
}

.card-title::after {
  content: "" ■"";
  color: #3399ff;
  margin-left: 4px;
}

/* 日期：右上角标签式，波普贴纸感 */
.card-date {
  font-size: 10px;
  font-weight: 600;
  color: #000000;
  text-align: right;
  background: #ffcc00;
  border: 2px solid #000;
  padding: 2px 8px;
  display: inline-block;
  margin-left: auto;
  margin-bottom: 12px;
  transform: rotate(1deg);
}

.card-date::before {
  content: ""DATE: "";
}

/* 精华句：分板块彩色卡片，粗黑边平涂色块，波普漫画分镜感 */
.card-highlight-item {
  font-size: 12px;
  color: #000000;
  line-height: 1.6;
  padding: 8px 12px;
  margin: 8px 0;
  border: 2px solid #000000;
  font-weight: 500;
}

/* 每个板块一块高饱和平涂色，波普四色撞色体系 */
.card-highlight-item:nth-of-type(1) { background: #ffcc00; }
.card-highlight-item:nth-of-type(2) { background: #3399ff; }
.card-highlight-item:nth-of-type(3) { background: #33cc66; }
.card-highlight-item:nth-of-type(4) { background: #ff66cc; }

.card-highlight-item::before {
  content: """";
}

/* 分隔符：孟菲斯波浪线，纯字符实现，强化风格 */
.hl-sep {
  text-align: center;
  margin: 2px 0;
  background: transparent;
  height: auto;
}

.hl-sep::before {
  content: ""~~~~~~~"";
  font-size: 14px;
  color: #ff3366;
  letter-spacing: 2px;
  font-weight: 700;
}

/* 无精华句：波普式空版面 */
.card-no-highlight {
  font-size: 12px;
  font-weight: 600;
  color: #000;
  text-align: center;
  padding: 20px 0;
  background: #f0f0f0;
  border: 2px dashed #000;
}

.card-no-highlight::before {
  content: ""【 版面待填充 】"";
}

/* 扭蛋标签：底部黑边条，波普海报页脚 */
.card-style {
  font-size: 9px;
  font-weight: 600;
  color: #fff;
  background: #000;
  text-align: center;
  margin-top: 12px;
  padding: 4px 0;
}

.card-style::before {
  content: ""POP HANDCOPY · "";
}",
69,便签纸,请用便签纸的格式写日记，每条记录都很短，写在不同颜色的便签上,media,true,,
70,便利贴,请用便利贴的格式写日记，内容简短、醒目，用于提醒重要事情,media,true,,
71,索引卡,请用索引卡的格式写日记，每张卡片记录一件事情，有编号和关键词,media,true,,
72,目录,请用书籍目录的格式写日记，使用章节号和标题，标注页码,format,true,,
73,脚注,请用脚注的格式写日记，所有内容都以数字上标开头，放在页面底部,format,true,,
74,参考文献,请用学术论文参考文献的格式写日记，每条记录都有作者、标题、出处和年份,format,true,,
75,红头文件,请用红头文件的格式写日记，分为版头、主体和版记，包含份号、密级、紧急程度,format,true,"/* 卡片容器：纯白公文纸基底，顶部预留红头空间，仿宋标准公文字体 */
.gallery-card {
  background: #ffffff;
  border: 1px solid #e0e0e0;
  padding: 48px 20px 16px 20px;
  font-family: ""FangSong"", ""SimSun"", serif;
  position: relative;
  line-height: 1.7;
  color: #333333;
  box-shadow: 0 1px 3px rgba(0, 0, 0, 0.08);
  transition: transform 0.2s ease, box-shadow 0.2s ease;
}

.gallery-card:hover {
  transform: translateY(-1px);
  box-shadow: 0 3px 8px rgba(0, 0, 0, 0.12);
}

/* 版头左上角：份号 + 密级 + 紧急程度，三行垂直排列 */
.gallery-card::before {
  content: ""000328\A 秘密★1年\A 加急"";
  position: absolute;
  top: 12px;
  left: 16px;
  font-size: 9px;
  color: #333333;
  line-height: 1.5;
  white-space: pre;
  pointer-events: none;
}

/* 版头居中：红色发文机关名称，红头文件核心识别标志 */
.gallery-card::after {
  content: ""日常事务管理局"";
  position: absolute;
  top: 16px;
  left: 0;
  right: 0;
  text-align: center;
  font-size: 18px;
  font-weight: 700;
  color: #d90000;
  letter-spacing: 2px;
  pointer-events: none;
}

/* 标题：公文标题，上方红色分隔线，居中加粗 */
.card-title {
  border-top: 2px solid #d90000;
  padding-top: 10px;
  margin-top: 10px;
  margin-bottom: 12px;
  font-size: 14px;
  font-weight: 600;
  text-align: center;
  color: #333333;
  order: 0;
}

/* 日期：成文日期，调整至正文末尾右对齐，符合公文格式 */
.card-date {
  order: 2;
  font-size: 11px;
  color: #333333;
  text-align: right;
  margin-top: 10px;
}

.card-date::before {
  content: ""成文日期："";
}

/* 精华句：正文条款，首行缩进2字符，中文序号分条 */
.card-highlight-item {
  order: 1;
  font-size: 12px;
  color: #333333;
  text-indent: 2em;
  margin: 4px 0;
  line-height: 1.7;
}

/* 覆盖默认前缀，替换为公文条款编号 */
.card-highlight-item::before {
  font-weight: 600;
  text-indent: 0;
}

.card-highlight-item:nth-of-type(1)::before { content: ""一、""; }
.card-highlight-item:nth-of-type(2)::before { content: ""二、""; }
.card-highlight-item:nth-of-type(3)::before { content: ""三、""; }
.card-highlight-item:nth-of-type(4)::before { content: ""四、""; }

/* 分隔符：淡隐处理，保持正文段落自然间距 */
.hl-sep {
  order: 1;
  height: 4px;
  background: transparent;
  margin: 0;
}

/* 无精华句：空正文占位 */
.card-no-highlight {
  order: 1;
  font-size: 11px;
  color: #999999;
  text-align: center;
  padding: 20px 0;
}

.card-no-highlight::before {
  content: ""【正文空缺】"";
}

/* 扭蛋名标签：版记区域，分隔线+印发部门，符合公文版记格式 */
.card-style {
  order: 3;
  font-size: 9px;
  color: #666666;
  text-align: right;
  padding-top: 6px;
  border-top: 1px solid #cccccc;
  margin-top: 8px;
}

.card-style::before {
  content: ""印发部门："";
}",
76,维基百科条目,请用维基百科条目的格式写日记，客观、中立、有参考文献,format,true,,
77,百度百科词条,请用百度百科词条的格式写日记，包含基本信息、人物经历、主要成就,format,true,,
78,字典词条,请用字典词条的格式写日记，包含拼音、释义、例句和用法,format,true,,
79,成语词典,请用成语词典的格式写日记，每个事件都用一个成语概括，并解释出处和含义,format,true,,
80,说明书目录,请用说明书目录的格式写日记，使用多级编号列出今天的所有章节,format,true,,
81,HTML 页面,请用 HTML 标签的格式写日记，使用<div>、<p>、<h1>等标签来组织内容,tech,true,,
82,CSS 样式表,请用 CSS 样式表的格式写日记，使用选择器、属性和值来描述今天的状态,tech,true,"/* ============ CSS 样式表卡片 ============ */
.gallery-card {
    background-color: #1e1e1e;
    color: #d4d4d4;
    border: 1px solid #333;
    font-family: ""Consolas"", ""Courier New"", monospace;
    padding: 14px;
    box-shadow: inset 0 0 30px rgba(0,0,0,0.3);
}
/* 选择器 + 左花括号 */
.gallery-card::before {
    content: "".diary {"";
    display: block;
    font-size: 12px;
    color: #d7ba7d;
    margin-bottom: 4px;
}
/* 标题 → title 属性声明 */
.card-title {
    font-size: 12px;
    color: #ce9178;
    font-weight: normal;
    margin-bottom: 0;
    line-height: 1.5;
}
.card-title::before { content: ""    title: \""""; color: #9cdcfe; }
.card-title::after  { content: ""\"";"";          color: #ce9178; }
/* 日期 → date 属性声明 */
.card-date {
    font-size: 11px;
    color: #ce9178;
    font-style: normal;
    margin: 0 0 8px 0;
    line-height: 1.5;
}
.card-date::before { content: ""    date: \""""; color: #9cdcfe; }
.card-date::after  { content: ""\"";"";          color: #ce9178; }
/* 精华句 → highlight 属性声明 */
.card-highlight-item {
    font-size: 11px;
    color: #ce9178;
    margin-bottom: 0;
    line-height: 1.5;
}
.card-highlight-item::before { content: ""    highlight: \""""; color: #9cdcfe; }
.card-highlight-item::after  { content: ""\"";"";            color: #ce9178; }
/* 分隔符 → 属性间无需分隔 */
.hl-sep { display: none; }
/* 无精华 → 注释掉的属性 */
.card-no-highlight {
    font-size: 10px;
    color: #6a9955;
    font-style: normal;
    margin: 4px 0;
    line-height: 1.5;
}
.card-no-highlight::before { content: ""    /* highlight: none */""; }
/* 风格标签 → style 属性 + 闭合右花括号 */
.card-style {
    font-size: 11px;
    color: #ce9178;
    margin-top: 8px;
    line-height: 1.5;
}
.card-style::before { content: ""    style: \""""; color: #9cdcfe; }
.card-style::after  { content: ""\"";\A}""; white-space: pre; color: #ce9178; }
/* hover：属性名蓝色投影 */
.gallery-card:hover {
    box-shadow: 4px 4px 0 #9cdcfe, inset 0 0 30px rgba(0,0,0,0.3);
    transform: translate(-2px, -2px);
}",
83,Markdown 文档,请用标准 Markdown 格式写日记，使用标题、列表、代码块、引用和链接来排版,tech,true,,
84,错误日志,请用程序错误日志的格式写日记，包含错误级别、时间、堆栈信息和错误描述,tech,true,,
85,正则表达式,请用正则表达式的语法写日记，使用元字符、量词和分组来描述今天的事件,tech,true,,
86,GraphQL 查询,请用 GraphQL 查询语言的格式写日记，指定你想要获取的今天的信息字段,tech,true,,
87,gRPC 协议,请用 gRPC 协议定义的格式写日记，使用 message 和 service 来描述今天的交互,tech,true,,
88,CMakeLists,请用 CMakeLists.txt 的格式写日记，使用 cmake 命令和变量来描述今天的流程,tech,true,,
89,Kubernetes YAML,请用 Kubernetes 资源定义的格式写日记，使用 apiVersion、kind、spec 等字段,tech,true,,
90,Terraform 配置,请用 Terraform 配置语言的格式写日记，使用 resource 和 variable 来定义今天的资源,tech,true,,
91,Ansible Playbook,请用 Ansible Playbook 的格式写日记，使用 tasks、handlers 和 modules 来描述今天的任务,tech,true,,
92,药品说明书,请用药品说明书的格式写日记，包含成分、性状、适应症、用法用量和不良反应,format,true,,
93,感谢信,请用感谢信的格式写日记，感谢今天遇到的人和发生的好事,misc,true,,
94,检讨书,请用检讨书的格式写日记，反思今天的错误和不足，提出改进措施,misc,true,,
95,辞职信,请用辞职信的格式写日记，辞去今天的某个身份或角色,work,true,,
96,电话通话记录,请用电话通话记录的格式写日记，包含通话时间、对方号码、通话时长和内容摘要,misc,true,,
97,心电图,请用心电图的格式写日记，用横线和竖线表示时间和心情的波动,misc,true,"/* 卡片容器：热敏记录纸基底 + 坐标网格（横=时间 / 竖=心情振幅） */
.gallery-card {
  background-color: #f5f1e6;
  background-image: 
    linear-gradient(rgba(112, 122, 101, 0.15) 1px, transparent 1px),
    linear-gradient(90deg, rgba(112, 122, 101, 0.15) 1px, transparent 1px);
  background-size: 20px 20px;
  border: 1px solid var(--pixel-dim);
  padding: 14px 16px;
  font-family: ""Consolas"", ""Microsoft YaHei"", monospace;
  position: relative;
  box-shadow: 0 1px 3px rgba(30, 38, 34, 0.1);
  transition: transform 0.2s ease, box-shadow 0.2s ease;
}

.gallery-card:hover {
  transform: translateY(-1px);
  box-shadow: 0 3px 6px rgba(30, 38, 34, 0.12);
}

/* 标题：监测报告标题，医用ECG标识前缀 */
.card-title {
  font-size: 14px;
  font-weight: 600;
  color: var(--pixel-dark);
  margin-bottom: 4px;
  letter-spacing: 0.5px;
}

.card-title::before {
  content: ""ECG · "";
  color: var(--pixel-dim);
  font-weight: normal;
  font-size: 13px;
}

/* 日期：监测时间标注，右对齐元数据 */
.card-date {
  font-size: 10px;
  color: var(--pixel-dim);
  text-align: right;
  margin-bottom: 12px;
}

.card-date::before {
  content: ""监测时间："";
}

/* 精华句：心情监测节点，左侧圆点标记时间轴采样点 */
.card-highlight-item {
  font-size: 12px;
  color: var(--pixel-dark);
  padding-left: 20px;
  margin: 6px 0;
  line-height: 1.5;
  position: relative;
}

/* 覆盖默认前缀，替换为采样节点圆点 */
.card-highlight-item::before {
  content: """";
  position: absolute;
  left: 5px;
  top: 7px;
  width: 6px;
  height: 6px;
  border-radius: 50%;
  background: var(--pixel-alert);
}

/* 分隔符：心电波形线，不同分段对应不同波动幅度 */
.hl-sep {
  height: 20px;
  margin: 0;
  background: var(--pixel-alert);
  opacity: 0.75;
}

/* 第一段波形：平缓波动（对应心情平稳） */
.hl-sep:nth-of-type(1) {
  clip-path: polygon(
    0% 50%, 20% 50%, 25% 40%, 30% 60%, 35% 30%,
    40% 70%, 45% 45%, 55% 50%, 70% 50%, 75% 35%,
    80% 65%, 85% 50%, 100% 50%,
    100% 55%, 85% 55%, 80% 70%, 75% 40%,
    70% 55%, 55% 55%, 45% 50%, 40% 75%,
    35% 35%, 30% 65%, 25% 45%, 20% 55%, 0% 55%
  );
}

/* 第二段波形：剧烈波动（对应心情起伏大） */
.hl-sep:nth-of-type(2) {
  clip-path: polygon(
    0% 50%, 15% 50%, 20% 20%, 25% 80%, 30% 10%,
    35% 90%, 40% 40%, 50% 50%, 65% 50%, 70% 15%,
    75% 85%, 80% 50%, 100% 50%,
    100% 55%, 80% 55%, 75% 90%, 70% 20%,
    65% 55%, 50% 55%, 40% 45%, 35% 95%,
    30% 15%, 25% 85%, 20% 25%, 15% 55%, 0% 55%
  );
}

/* 无精华句：平线静息状态，两边线中间文字 */
.card-no-highlight {
  font-size: 11px;
  color: var(--pixel-dim);
  text-align: center;
  padding: 20px 0;
  line-height: 1;
}

.card-no-highlight::before,
.card-no-highlight::after {
  content: """";
  display: inline-block;
  width: 28%;
  height: 1px;
  background: var(--pixel-dim);
  vertical-align: middle;
}

.card-no-highlight::before { margin-right: 10px; }
.card-no-highlight::after { margin-left: 10px; }

/* 扭蛋名标签：诊断结论栏，医用报告页脚格式 */
.card-style {
  font-size: 9px;
  color: var(--pixel-dark);
  border-top: 1px solid var(--pixel-dim);
  padding-top: 6px;
  margin-top: 10px;
  text-align: right;
}

.card-style::before {
  content: ""诊断结论："";
  color: var(--pixel-dim);
}",
98,脑电波记录,请用脑电波记录的格式写日记，用不同频率的波形表示不同的思维活动,misc,true,,
99,股票 K 线图,请用股票 K 线图的格式写日记，用开盘价、收盘价、最高价、最低价描述今天的状态,misc,true,"/* ============ 股票 K 线图卡片 ============ */
/* 基底：同花顺交易终端暗屏 */
.gallery-card {
    background-color: #0b0e11;
    color: #e0e0e0;
    border: 1px solid #1e2329;
    font-family: ""Consolas"", ""Courier New"", ""Noto Sans SC"", monospace;
    padding: 14px;
    box-shadow:
        inset 0 0 50px rgba(0,0,0,0.5),
        0 1px 4px rgba(0,0,0,0.3);
}
/* 表头：股票代码 */
.gallery-card::before {
    content: ""SH 600519"";
    display: block;
    font-size: 9px;
    color: #6b7280;
    letter-spacing: 1px;
    margin-bottom: 4px;
}
/* 标题 → 股票名称 */
.card-title {
    font-size: 13px;
    color: #f0f0f0;
    font-weight: bold;
    margin-bottom: 1px;
}
/* 日期 → 交易日 + 已收盘绿标 */
.card-date {
    font-size: 9px;
    color: #6b7280;
    margin-bottom: 10px;
}
.card-date::after {
    content: ""  15:00 已收盘"";
    color: #22c55e;
}
/* 精华句 → 迷你K线红绿左柱 */
.card-highlight-item {
    font-size: 11px;
    color: #e0e0e0;
    line-height: 1.5;
    margin-bottom: 0;
    border-left: 3px solid;
    padding-left: 7px;
}
.card-highlight-item:nth-child(odd)  { border-left-color: #ef4444; }
.card-highlight-item:nth-child(even) { border-left-color: #22c55e; }
/* 分隔符 → 交易终端细横线 */
.hl-sep {
    height: 0;
    border-top: 1px solid #1e2329;
    margin: 4px 0;
    opacity: 1;
}
/* 无精华 → 停牌占位 */
.card-no-highlight {
    font-size: 10px;
    color: #6b7280;
    text-align: center;
    margin: 8px 0;
}
.card-no-highlight::before { content: ""-- 今日停牌 --""; }
/* 风格标签 → 底部成交量栏 */
.card-style {
    font-size: 9px;
    color: #6b7280;
    margin-top: 8px;
    padding-top: 6px;
    border-top: 1px solid #1e2329;
}
.card-style::before { content: ""成交量  --    涨跌  ""; }
/* hover：涨红投影 */
.gallery-card:hover {
    box-shadow: 4px 4px 0 #ef4444, inset 0 0 50px rgba(0,0,0,0.5);
    transform: translate(-2px, -2px);
}",
100,航班时刻表,请用航班时刻表的格式写日记，列出今天每个时间段的航班号、目的地和状态,format,true,,
101,火车时刻表,请用火车时刻表的格式写日记，包含车次、站点、到达时间、发车时间和停留时间,format,true,,
102,密码,请用密码的风格写日记，使用简单的替换密码或移位密码来加密内容,creative,true,,
103,藏头诗,请用藏头诗的格式写日记，每句的第一个字连起来组成一个有意义的短语,creative,true,,
104,回文诗,请用回文诗的格式写日记，正读和反读都能通顺,creative,true,,
105,数字诗,请用数字诗的格式写日记，每句都包含一个数字，从一到十依次排列,creative,true,,
106,绕口令,请用绕口令的风格写日记，使用大量的谐音字和叠字，读起来拗口但有趣,creative,true,"/* 卡片容器：米黄抄纸基底，楷体适配韵文诵读质感 */
.gallery-card {
  background: #fdf8ec;
  border: 1px solid #d9c9a8;
  padding: 14px 16px;
  font-family: ""STKaiti"", ""KaiTi"", ""FangSong"", serif;
  position: relative;
  line-height: 1.6;
  color: var(--pixel-dark);
  box-shadow: 0 1px 3px rgba(30, 38, 34, 0.08);
  transition: transform 0.2s ease, box-shadow 0.2s ease;
}

.gallery-card:hover {
  transform: translateY(-1px);
  box-shadow: 0 3px 6px rgba(30, 38, 34, 0.12);
}

/* 标题：口令主题居中，虚线分隔呼应练习本格式 */
.card-title {
  font-size: 14px;
  font-weight: 600;
  text-align: center;
  color: var(--pixel-dark);
  padding-bottom: 6px;
  border-bottom: 1px dashed #d9c9a8;
  margin-bottom: 8px;
}

.card-title::before {
  content: ""口令·"";
  color: var(--pixel-alert);
  font-weight: normal;
  font-size: 13px;
  margin-right: 4px;
}

/* 日期：练习日期标注，右对齐弱化元数据 */
.card-date {
  font-size: 10px;
  color: var(--pixel-dim);
  text-align: right;
  margin-bottom: 12px;
}

.card-date::before {
  content: ""练习日期："";
}

/* 精华句：节拍点前缀 + 宽松行高，适配诵读换气节奏 */
.card-highlight-item {
  font-size: 12px;
  color: var(--pixel-dark);
  line-height: 1.8;
  padding-left: 1.2em;
  position: relative;
  margin: 4px 0;
}

/* 覆盖默认前缀，替换为节拍圆点，强化韵律节奏感 */
.card-highlight-item::before {
  content: ""·"";
  position: absolute;
  left: 0;
  top: 0;
  color: var(--pixel-alert);
  font-size: 16px;
  line-height: 1.8;
  font-weight: 600;
}

/* 分隔符：波浪换气符，对应绕口令的段落停顿与换气节点 */
.hl-sep {
  text-align: center;
  margin: 4px 0;
}

.hl-sep::before {
  content: ""~ ~ ~"";
  font-size: 10px;
  color: var(--pixel-dim);
  letter-spacing: 3px;
}

/* 无精华句：空练习占位 */
.card-no-highlight {
  font-size: 11px;
  color: var(--pixel-dim);
  text-align: center;
  padding: 20px 0;
}

.card-no-highlight::before {
  content: ""【暂无口令内容】"";
}

/* 扭蛋名标签：文体标注，页脚虚线分隔保持风格统一 */
.card-style {
  font-size: 9px;
  color: var(--pixel-dim);
  text-align: right;
  margin-top: 10px;
  padding-top: 6px;
  border-top: 1px dashed #d9c9a8;
}

.card-style::before {
  content: ""文体："";
}",
107,谜语,请用谜语的格式写日记，描述今天发生的事情但不直接说出答案,creative,true,,
108,对联,请用对联的格式写日记，上联和下联对仗工整，横批总结全文,creative,true,,
109,三字经,请用三字经的格式写日记，每句三个字，押韵且朗朗上口,creative,true,,
110,四字格,请全部使用四字成语或四字短语写日记，不要使用其他长度的词语,creative,true,,
111,五言绝句,请用五言绝句的格律写日记，四句二十字，平仄押韵,creative,true,,
112,七言律诗,请用七言律诗的格律写日记，八句五十六字，中间两联对仗,creative,true,,
113,宋词,请用宋词的格式写日记，选择一个词牌名，按照格律填写,creative,true,,
114,元曲,请用元曲的格式写日记，选择一个曲牌名，按照格律填写,creative,true,,
115,甲骨文,请用甲骨文的风格写日记，使用象形文字和简单的符号来表达意思,creative,true,,
116,文言文,请用文言文的风格写日记，使用古代汉语的词汇和语法,creative,true,,
117,白话文,请用白话文的风格写日记，语言通俗易懂，像说话一样自然,creative,true,,
118,方言,请用你熟悉的一种方言写日记，使用方言的词汇和语法,creative,true,,
119,翻译腔,请用翻译腔的风格写日记，模仿外国文学翻译过来的语气和句式,creative,true,,
120,港台腔,请用港台腔的风格写日记，使用港台地区的词汇和表达方式,creative,true,,
121,网络用语,请全部使用网络流行语写日记，不要使用正式的书面语,creative,true,"/* 卡片容器：纯白实底彻底覆盖LCD绿底，还原微博卡片的清爽质感 */
.gallery-card {
  background: #ffffff;
  border: 1px solid #e0e0e0;
  border-radius: 6px;
  padding: 12px;
  gap: 8px;
  font-family: ""PingFang SC"", ""Microsoft YaHei"", sans-serif;
  box-shadow: 0 1px 2px rgba(0,0,0,0.06);
}

/* 标题：模拟博主发文格式，带微博橙标识前缀 */
.card-title {
  font-size: 13px;
  color: #333333;
  line-height: 1.4;
  padding-bottom: 8px;
  border-bottom: 1px solid #f0f0f0;
  font-weight: 500;
}
.card-title::before {
  content: ""@热门博主: "";
  color: #ff8200;
  font-weight: 600;
  font-size: 12px;
}

/* 日期：右上角时间戳样式，弱化视觉权重 */
.card-date {
  font-size: 10px;
  color: #999999;
  align-self: flex-end;
  margin-top: -4px;
}

/* 精华句：热评条目，浅暖黄底+橙色标识，与卡片白底协调不撞色 */
.card-highlight-item {
  font-size: 12px;
  color: #333333;
  line-height: 1.5;
  padding: 8px 10px;
  background: #fff8e8;
  border: 1px solid #ffe0b2;
  border-radius: 4px;
  margin: 0;
}
/* 热评等级+点赞数头部，独占一行强化层级 */
.card-highlight-item::before {
  display: block;
  font-size: 11px;
  color: #ff8200;
  font-weight: 600;
  margin-bottom: 4px;
}
.card-highlight-item:nth-of-type(1)::before {
  content: ""热评第一 · 1.2w赞"";
}
.card-highlight-item:nth-of-type(2)::before {
  content: ""热评第二 · 8.6k赞"";
}
.card-highlight-item:nth-of-type(3)::before {
  content: ""热评第三 · 5.3k赞"";
}

/* 分隔符：星号间隔样式，贴合社交平台评论区分隔习惯 */
.hl-sep {
  text-align: center;
  margin: 2px 0;
  height: auto;
  border: none;
}
.hl-sep::before {
  content: ""* * *"";
  font-size: 10px;
  color: #cccccc;
  letter-spacing: 2px;
}

/* 无精华占位：居中弱化显示 */
.card-no-highlight {
  font-size: 11px;
  color: #bbbbbb;
  text-align: center;
  padding: 15px 0;
}
.card-no-highlight::before {
  content: ""暂无热门评论"";
}

/* 扭蛋名：话题标签样式，贴合微博话题的视觉记忆 */
.card-style {
  font-size: 9px;
  color: #ff8200;
  background: #fff1e0;
  padding: 2px 8px;
  border-radius: 12px;
  align-self: flex-start;
  margin-top: 2px;
  font-weight: 500;
}
.card-style::before {
  content: ""#"";
}
.card-style::after {
  content: ""#"";
}",
122,火星文,请用火星文的风格写日记，使用大量的同音字、符号和繁体字,creative,true,,
123,儿童语,请用儿童的语言风格写日记，简单、天真、充满想象力,creative,true,,
124,老人语,请用老人的语言风格写日记，缓慢、啰嗦、充满回忆和感慨,creative,true,,
125,机器人语,请用机器人的语言风格写日记，机械、冰冷、没有感情，使用短句,creative,true,,
126,外星人语,请用外星人的语言风格写日记，创造一些新的词汇和语法规则,creative,true,,
127,电报体,请用电报体的风格写日记，省略所有修饰词，只用名词和动词,creative,true,,
128,断句体,请用断句体的风格写日记，每两个字就用一个句号断开,creative,true,,
129,无标点,请写一篇完全没有标点符号的日记，所有文字连在一起,creative,true,,
130,全标点,请写一篇每个字后面都加一个标点符号的日记,creative,true,,
131,单字,请用单个汉字写日记，每个字占一行,creative,true,,
132,双字,请用两个字的词语写日记，每个词语占一行,creative,true,,
133,三字,请用三个字的短语写日记，每个短语占一行,creative,true,,
134,倒写,"倒写手法写日记。从结局的重量开始回溯，让每一步倒退都带着已经知道了的宿命感。参照谱系：
1. 回望开篇——马尔克斯《百年孤独》（站在未来注视已被命运注定的事）、加缪《堕落》（自述者在忏悔中倒叙自我瓦解）
2. 结局前置——鲁迅《祝福》（先写死亡再追问活过什么）、加缪《局外人》（从判决回望，荒诞感在倒叙中膨胀）
3. 感官忆事——普鲁斯特《追忆似水年华》（气味触觉打开记忆裂缝）
4. 碎片闪回——福克纳《献给艾米莉的玫瑰》（时序碎裂视角跳跃）、伍尔夫《达洛维夫人》（一天之内闪回一生）
5. 叙事留白——阿加莎《罗杰疑案》（真相藏在没写的缝隙里）、约瑟芬·铁伊《时间的女儿》（从病床推理历史真相）
6. 逆向时序——马丁·艾米斯《时间之箭》（因果倒置，果在前因在后）、江户川乱步《屋顶的散步者》（从结果反推犯罪过程）
7. 回望式追忆——菲茨杰拉德《了不起的盖茨比》（叙述者站在废墟上回忆一个已逝之人）、伯内特《告别过去》（从告别回望来路）
不要求面面俱到，选择性运用。",creative,true,"/* 卡片容器：复古手稿基底 + 右侧倒序页码区 */
.gallery-card {
  background: #f5f0e6;
  border: 2px solid var(--pixel-alert);
  border-radius: 4px;
  padding: 14px 28px 14px 14px;
  font-family: ""SimSun"", ""FangSong"", serif;
  position: relative;
  box-shadow: 0 2px 4px rgba(30, 38, 34, 0.1);
  transition: transform 0.2s ease, box-shadow 0.2s ease;
}

.gallery-card:hover {
  transform: scale(1.02);
  box-shadow: 0 4px 8px rgba(30, 38, 34, 0.15);
}

/* 右侧倒序页码：逆向时序核心视觉符号，不挤压正文 */
.gallery-card::before {
  content: ""10\A 9\A 8\A 7\A 6\A 5\A 4\A 3\A 2\A 1"";
  position: absolute;
  right: 6px;
  top: 12px;
  font-size: 9px;
  color: var(--pixel-dim);
  line-height: 1.8;
  text-align: center;
  width: 16px;
  pointer-events: none;
  border-left: 1px dashed var(--repair-tape);
  padding-left: 4px;
  white-space: pre;
}

/* 标题：结局前置标识 + 手稿斜体质感 */
.card-title {
  font-size: 14px;
  color: var(--pixel-dark);
  padding-bottom: 8px;
  border-bottom: 1px solid var(--repair-tape);
  font-style: italic;
  line-height: 1.4;
  margin-bottom: 4px;
}

.card-title::before {
  content: ""【结局前置】"";
  color: var(--pixel-alert);
  font-weight: 600;
  font-style: normal;
  font-size: 12px;
  display: inline-block;
  margin-right: 4px;
}

/* 日期：逆向时序批注，右对齐弱化显示 */
.card-date {
  font-size: 10px;
  color: var(--pixel-dim);
  align-self: flex-end;
  font-style: italic;
  margin-bottom: 6px;
}

.card-date::before {
  content: ""逆向时序 · "";
  color: var(--pixel-alert);
  font-style: normal;
}

/* 精华句：子主题前缀 + 手稿引用样式，自动换行不溢出 */
.card-highlight-item {
  font-size: 12px;
  color: var(--pixel-dark);
  padding: 6px 8px;
  background: #f9f6f0;
  border-left: 2px solid var(--repair-tape);
  margin: 4px 0;
  line-height: 1.5;
}

.card-highlight-item::before {
  display: block;
  color: var(--pixel-alert);
  font-size: 11px;
  font-weight: 600;
  margin-bottom: 3px;
}

.card-highlight-item:nth-of-type(1)::before {
  content: ""【回望开篇】"";
}
.card-highlight-item:nth-of-type(2)::before {
  content: ""【碎片闪回】"";
}
.card-highlight-item:nth-of-type(3)::before {
  content: ""【感官忆事】"";
}

/* 分隔符：记忆裂缝点状装饰 */
.hl-sep {
  text-align: center;
  margin: 2px 0;
}

.hl-sep::before {
  content: ""◦ ◦ ◦"";
  font-size: 9px;
  color: var(--pixel-dim);
  letter-spacing: 4px;
}

/* 无精华句：叙事留白提示 */
.card-no-highlight {
  font-size: 11px;
  color: var(--pixel-dim);
  text-align: center;
  padding: 15px 0;
  font-style: italic;
}

.card-no-highlight::before {
  content: ""叙事留白 · 无倒叙碎片"";
  color: var(--pixel-alert);
  font-style: normal;
}

/* 扭蛋名标签：复古便签样式 */
.card-style {
  font-size: 9px;
  color: var(--pixel-dark);
  background: var(--repair-tape);
  padding: 3px 8px;
  border-radius: 2px;
  align-self: flex-start;
  margin-top: 6px;
}

.card-style::before {
  content: ""回望式追忆 · "";
  color: var(--pixel-alert);
  font-weight: 600;
}",
135,反写,请把每个字都反过来写，就像在镜子里看到的一样,creative,true,,
136,拼音,请全部用汉语拼音写日记，不要使用任何汉字,creative,true,,
137,英文,请全部用英文写日记，不要使用任何中文,creative,true,,
138,中英混合,请用中英文混合的方式写日记，每个中文词后面都跟一个英文翻译,creative,true,,
139,数字,请全部用阿拉伯数字写日记，用数字代表所有的意思,creative,true,,
140,符号,请全部用标点符号和特殊符号写日记，不要使用任何文字,creative,true,,
141,象形,请用象形文字的风格写日记，用简单的图形来表达意思,creative,true,,
142,拟声,请全部用拟声词写日记，用声音来描述今天发生的一切,misc,true,,
143,气味,请用气味来写日记，描述今天闻到的各种气味以及它们带来的感受,misc,true,,
144,声音,请用声音来写日记，描述今天听到的各种声音以及它们带来的感受,misc,true,,
145,颜色,请用颜色来写日记，描述今天看到的各种颜色以及它们带来的感受,misc,true,,
146,触觉,请用触觉来写日记，描述今天触摸到的各种东西以及它们带来的感受,misc,true,,
147,味觉,请用味觉来写日记，描述今天尝到的各种味道以及它们带来的感受,misc,true,,
148,时间,请用时间来写日记，只记录每个事件发生的时间点和持续时间,misc,true,"/* 卡片容器：冷调浅灰记录纸基底，克制专业的时间管理质感 */
.gallery-card {
  background: #f5f7fa;
  border: 1px solid #e0e4e8;
  padding: 14px 16px;
  font-family: ""PingFang SC"", ""Microsoft YaHei"", sans-serif;
  position: relative;
  line-height: 1.6;
  color: var(--pixel-dark);
  box-shadow: 0 1px 3px rgba(30, 38, 34, 0.08);
  transition: transform 0.2s ease, box-shadow 0.2s ease;
}

.gallery-card:hover {
  transform: translateY(-1px);
  box-shadow: 0 3px 6px rgba(30, 38, 34, 0.12);
}

/* 标题：时间日志主标题，标注记录属性 */
.card-title {
  font-size: 14px;
  font-weight: 600;
  color: var(--pixel-dark);
  padding-bottom: 6px;
  border-bottom: 1px solid #e0e4e8;
  margin-bottom: 8px;
}

.card-title::before {
  content: ""TIME LOG · "";
  font-family: ""Consolas"", monospace;
  color: var(--pixel-alert);
  font-weight: 500;
  font-size: 12px;
}

/* 日期：记录日期标注，右对齐元数据 */
.card-date {
  font-size: 10px;
  color: var(--pixel-dim);
  text-align: right;
  margin-bottom: 12px;
  font-family: ""Consolas"", monospace;
}

.card-date::before {
  content: ""记录日期："";
  font-family: inherit;
}

/* 精华句：三栏时间条目 — 左时间区间 / 中事件 / 右持续时长 */
.card-highlight-item {
  display: flex;
  justify-content: space-between;
  align-items: baseline;
  gap: 8px;
  font-size: 12px;
  color: var(--pixel-dark);
  line-height: 1.8;
  padding: 3px 0;
  border-bottom: 1px dashed #e8eaed;
}

/* 前缀：事件发生的时间区间，等宽字体保证数字对齐 */
.card-highlight-item::before {
  font-family: ""Consolas"", monospace;
  color: var(--pixel-alert);
  font-size: 11px;
  white-space: nowrap;
  font-weight: 500;
}

/* 后缀：事件持续时长，等宽淡色弱化显示 */
.card-highlight-item::after {
  font-family: ""Consolas"", monospace;
  color: var(--pixel-dim);
  font-size: 11px;
  white-space: nowrap;
}

/* 不同条目对应不同时间点与时长，模拟真实当日时间线 */
.card-highlight-item:nth-of-type(1)::before { content: ""08:00-09:00""; }
.card-highlight-item:nth-of-type(1)::after { content: ""60min""; }

.card-highlight-item:nth-of-type(2)::before { content: ""09:30-11:45""; }
.card-highlight-item:nth-of-type(2)::after { content: ""135min""; }

.card-highlight-item:nth-of-type(3)::before { content: ""14:00-14:20""; }
.card-highlight-item:nth-of-type(3)::after { content: ""20min""; }

.card-highlight-item:nth-of-type(4)::before { content: ""19:00-20:30""; }
.card-highlight-item:nth-of-type(4)::after { content: ""90min""; }

/* 分隔符：淡隐处理，条目自身已带分隔线，避免重复 */
.hl-sep {
  height: 2px;
  background: transparent;
  margin: 0;
}

/* 无精华句：空时间记录占位 */
.card-no-highlight {
  font-size: 11px;
  color: var(--pixel-dim);
  text-align: center;
  padding: 20px 0;
  font-family: ""Consolas"", monospace;
}

.card-no-highlight::before {
  content: ""[ 无时间记录条目 ]"";
}

/* 扭蛋名标签：记录类型标注，页脚格式 */
.card-style {
  font-size: 9px;
  color: var(--pixel-dim);
  text-align: right;
  margin-top: 10px;
  padding-top: 6px;
  border-top: 1px solid #e0e4e8;
}

.card-style::before {
  content: ""记录类型："";
}",
149,空间,请用空间来写日记，只记录每个事件发生的地点和位置关系,misc,true,,
150,数字编号,请用数字编号的格式写日记，每件事情都用一个数字开头,misc,true,,
151,字母编号,请用字母编号的格式写日记，每件事情都用一个字母开头,misc,true,,
152,罗马数字,请用罗马数字编号的格式写日记，每件事情都用一个罗马数字开头,misc,true,,
153,天干地支,请用天干地支编号的格式写日记，每件事情都用一个天干地支开头,misc,true,,
154,二十四节气,请用二十四节气的格式写日记，将今天的事情对应到不同的节气,misc,true,,
155,十二生肖,请用十二生肖的格式写日记，将今天的事情对应到不同的生肖,misc,true,,
156,十二星座,请用十二星座的格式写日记，将今天的事情对应到不同的星座,misc,true,,
157,五行,请用金木水火土五行的格式写日记，将今天的事情对应到不同的五行,misc,true,,
158,八卦,请用八卦的格式写日记，将今天的事情对应到不同的卦象,misc,true,,
159,诗歌,请用诗歌的风格写日记，语言凝练、富有韵律和意象,fiction,true,,
160,小说,请用小说的风格写日记，有人物、有情节、有环境描写,fiction,true,,
161,散文,请用散文的风格写日记，形散神不散，自由抒发情感,fiction,true,,
162,传记,请用传记的风格写日记，客观、真实地记录自己的生平事迹,fiction,true,,
163,自传,请用自传的风格写日记，以第一人称讲述自己的故事,fiction,true,,
164,回忆录,请用回忆录的风格写日记，回忆过去发生的事情，带有个人情感,fiction,true,,
165,书信,请用书信的格式写日记，写给某一个特定的人,fiction,true,,
166,日记,请用传统日记的格式写日记，包含日期、天气和正文,fiction,true,,
167,游记,请用游记的风格写日记，记录今天的旅行经历和所见所闻,fiction,true,,
168,随笔,请用随笔的风格写日记，随手记录自己的感想和思考,fiction,true,,
169,杂文,请用杂文的风格写日记，针砭时弊，发表自己的观点和看法,fiction,true,,
170,评论,请用评论的风格写日记，对今天发生的事情进行分析和评价,fiction,true,,
171,说明文,请用说明文的风格写日记，客观、准确地介绍事物的特征和原理,fiction,true,,
172,议论文,请用议论文的风格写日记，提出论点，并用论据和论证来支持,fiction,true,,
173,记叙文,请用记叙文的风格写日记，按照时间顺序叙述事情的经过,fiction,true,,
174,描写文,请用描写文的风格写日记，详细描写人物、景物和事物的特征,fiction,true,,
175,抒情文,请用抒情文的风格写日记，直接抒发自己的喜怒哀乐,fiction,true,,
176,动物视角,请从一种动物的视角写日记，用动物的眼睛看世界,roleplay,true,,
177,植物视角,请从一种植物的视角写日记，用植物的感受体验生活,roleplay,true,,
178,物品视角,请从一件物品的视角写日记，比如你的手机、杯子或书包,roleplay,true,,
179,上帝视角,请用上帝的视角写日记，全知全能地观察和评论一切,roleplay,true,,
180,第三人称,请用第三人称的视角写日记，把自己当作一个陌生人来描写,creative,true,,
181,第二人称,请用第二人称的视角写日记，用 ' 你' 来称呼自己,creative,true,,
182,过去时,请全部使用过去时态写日记，描述已经发生的事情,creative,true,,
183,现在时,请全部使用现在时态写日记，仿佛事情正在发生,creative,true,,
184,将来时,请全部使用将来时态写日记，预测未来将要发生的事情,creative,true,,
185,倒叙,请用倒叙的手法写日记，从今天的结尾开始写起,creative,true,,
186,插叙,请用插叙的手法写日记，在叙述中插入过去的回忆,creative,true,,
187,意识流,请用意识流的风格写日记，记录自己脑海中不断流动的想法,creative,true,,
188,极简主义,请用极简主义的风格写日记，用最少的文字表达最多的意思,creative,true,,
189,啰嗦主义,请用啰嗦主义的风格写日记，把一件事情翻来覆去地说清楚,creative,true,,
190,黑色幽默,请用黑色幽默的风格写日记，用荒诞和讽刺的方式表达,creative,true,,
191,治愈系,请用治愈系的风格写日记，温暖、温柔、充满正能量,creative,true,,
192,丧系,请用丧系的风格写日记，颓废、消极、充满无力感,creative,true,,
193,沙雕,请用沙雕的风格写日记，搞笑、无厘头、让人捧腹大笑,creative,true,,
194,文艺,请用文艺的风格写日记，清新、唯美、充满小资情调,creative,true,,
195,硬核,请用硬核的风格写日记，专业、严谨、充满技术含量,creative,true,,
196,侦探小说,请用侦探小说的风格写日记，把今天发生的事情当作一个案件来调查,fiction,true,,
197,科幻小说,请用科幻小说的风格写日记，加入未来科技和外星元素,fiction,true,,
198,奇幻小说,请用奇幻小说的风格写日记，加入魔法、精灵和巨龙等元素,fiction,true,,
199,武侠小说,请用武侠小说的风格写日记，加入武功、江湖和恩怨等元素,fiction,true,,
200,言情小说,请用言情小说的风格写日记，重点描写情感和人际关系,fiction,true,,
201,悬疑小说,请用悬疑小说的风格写日记，制造悬念和紧张感,fiction,true,,
202,恐怖小说,请用恐怖小说的风格写日记，加入恐怖和惊悚元素,fiction,true,,
203,童话,请用童话的风格写日记，简单、美好、充满想象力,fiction,true,,
204,寓言,请用寓言的风格写日记，每个故事都包含一个道理,fiction,true,,
205,神话,请用神话的风格写日记，加入神、仙和超自然力量,fiction,true,,
206,传说,请用民间传说的风格写日记，讲述一个古老的故事,fiction,true,,
207,史诗,请用史诗的风格写日记，用宏大的叙事来描述今天的事情,fiction,true,,
208,悲剧,请用悲剧的风格写日记，重点描写不幸和痛苦,fiction,true,,
209,喜剧,请用喜剧的风格写日记，重点描写搞笑和欢乐,fiction,true,,
210,正剧,请用正剧的风格写日记，严肃、客观地描述事情,fiction,true,"/* 卡片容器：米白宣纸实底 + 淡纹理 + 深墨边框，庄重克制 */
.gallery-card {
  background-color: #f8f6f0;
  background-image: radial-gradient(circle at 30% 20%, rgba(30, 38, 34, 0.02) 0%, transparent 15%);
  border: 1px solid var(--pixel-dark);
  padding: 16px 18px;
  font-family: ""FangSong"", ""SimSun"", serif;
  position: relative;
  line-height: 1.7;
  color: var(--pixel-dark);
  transition: transform 0.2s ease, box-shadow 0.2s ease;
}

.gallery-card:hover {
  transform: translateY(-1px);
  box-shadow: 0 3px 6px rgba(30, 38, 34, 0.12);
}

/* 标题：纪事主标题，居中加粗 + 底部分隔线，正史标准版式 */
.card-title {
  font-size: 14px;
  font-weight: 700;
  text-align: center;
  padding-bottom: 8px;
  border-bottom: 1px solid var(--pixel-dark);
  margin-bottom: 10px;
  letter-spacing: 1px;
}

.card-title::before {
  content: ""纪事·"";
  color: var(--pixel-alert);
  font-weight: normal;
  font-size: 13px;
  margin-right: 4px;
}

/* 日期：纪年格式，右对齐弱化处理，符合史传时间标注习惯 */
.card-date {
  font-size: 10px;
  color: var(--pixel-dim);
  text-align: right;
  margin-bottom: 12px;
}

.card-date::before {
  content: ""纪年："";
}

/* 精华句：分条纪事，首行缩进 + 文言序号，客观陈述无修饰 */
.card-highlight-item {
  font-size: 12px;
  color: var(--pixel-dark);
  margin: 8px 0;
  text-indent: 2em;
  line-height: 1.7;
}

/* 中文序号前缀，对应正剧叙事的分点纪事，无情绪化表达 */
.card-highlight-item::before {
  font-weight: 600;
  color: var(--pixel-dark);
}

.card-highlight-item:nth-of-type(1)::before { content: ""其一、""; }
.card-highlight-item:nth-of-type(2)::before { content: ""其二、""; }
.card-highlight-item:nth-of-type(3)::before { content: ""其三、""; }
.card-highlight-item:nth-of-type(4)::before { content: ""其四、""; }

/* 分隔符：淡墨细线，居中收窄，区隔事件段落，不抢叙事重心 */
.hl-sep {
  height: 1px;
  background: var(--pixel-dim);
  opacity: 0.3;
  margin: 4px auto;
  width: 80%;
}

/* 无精华句：空纪事占位，保持严肃调性 */
.card-no-highlight {
  font-size: 11px;
  color: var(--pixel-dim);
  text-align: center;
  padding: 20px 0;
}

.card-no-highlight::before {
  content: ""【暂无纪事】"";
}

/* 扭蛋名标签：页脚文体标注，淡虚线分隔，克制不突兀 */
.card-style {
  font-size: 9px;
  color: var(--pixel-dim);
  text-align: right;
  margin-top: 12px;
  padding-top: 6px;
  border-top: 1px dashed var(--pixel-dim);
  opacity: 0.8;
}

.card-style::before {
  content: ""文体："";
}",
211,独白,请用内心独白的风格写日记，只写自己的内心想法,creative,true,,
212,对话,请用对话的风格写日记，所有内容都以两个人对话的形式呈现,creative,true,,
213,剧本,请用戏剧剧本的格式写日记，包含人物、场景、动作和台词,fiction,true,"/* 卡片容器：米白稿纸基底，还原戏剧剧本印刷质感 */
.gallery-card {
  background: #f8f5ee;
  border: 1px solid var(--pixel-dark);
  padding: 14px 16px;
  font-family: ""FangSong"", ""SimSun"", serif;
  position: relative;
  line-height: 1.6;
  box-shadow: 0 1px 3px rgba(30, 38, 34, 0.1);
  transition: transform 0.2s ease, box-shadow 0.2s ease;
}

.gallery-card:hover {
  transform: translateY(-1px);
  box-shadow: 0 3px 6px rgba(30, 38, 34, 0.12);
}

/* 标题：场次+场景名，剧本标准开篇格式 */
.card-title {
  font-size: 14px;
  font-weight: 600;
  text-align: center;
  color: var(--pixel-dark);
  padding-bottom: 6px;
  border-bottom: 1px solid var(--pixel-dim);
  margin-bottom: 8px;
}

.card-title::before {
  content: ""【独幕剧】"";
  color: var(--pixel-alert);
  margin-right: 6px;
  font-size: 13px;
}

/* 日期：剧本时间+地点标注，元数据弱化处理 */
.card-date {
  font-size: 10px;
  color: var(--pixel-dim);
  font-style: italic;
  text-align: center;
  margin-top: -4px;
  margin-bottom: 12px;
}

.card-date::before {
  content: ""时间："";
}

.card-date::after {
  content: "" · 地点：日常空间"";
}

/* 精华句：人物动作+台词缩进，严格遵循剧本排版规范 */
.card-highlight-item {
  font-size: 12px;
  color: var(--pixel-dark);
  margin: 10px 0;
  padding-left: 1.5em;
  line-height: 1.5;
}

/* 人物名+动作提示独占一行，突出角色身份 */
.card-highlight-item::before {
  display: block;
  font-weight: 600;
  color: var(--pixel-alert);
  font-size: 11px;
  margin-left: -1.5em;
  margin-bottom: 3px;
  font-style: normal;
}

.card-highlight-item:nth-of-type(1)::before {
  content: ""我 （伏案执笔，停顿半晌）"";
}

.card-highlight-item:nth-of-type(2)::before {
  content: ""画外音 （平缓，略带回响）"";
}

.card-highlight-item:nth-of-type(3)::before {
  content: ""我 （指尖摩挲纸页，低声）"";
}

/* 分隔符：幕间转场标识，贴合舞台剧本的场景切换逻辑 */
.hl-sep {
  text-align: center;
  margin: 4px 0;
}

.hl-sep::before {
  content: ""—— 幕间 · 灯暗 ——"";
  font-size: 10px;
  color: var(--pixel-dim);
  letter-spacing: 1px;
}

/* 无精华句：空场静默提示，符合戏剧留白语境 */
.card-no-highlight {
  font-size: 11px;
  color: var(--pixel-dim);
  text-align: center;
  padding: 20px 0;
  font-style: italic;
}

.card-no-highlight::before {
  content: ""【空场 · 静默】"";
  color: var(--pixel-alert);
  display: block;
  margin-bottom: 4px;
  font-style: normal;
  font-weight: 600;
}

/* 扭蛋名标签：剧本体裁标注，稿纸页脚样式 */
.card-style {
  font-size: 9px;
  color: var(--pixel-dark);
  border-top: 1px dashed var(--pixel-dim);
  padding-top: 6px;
  margin-top: 8px;
  text-align: right;
}

.card-style::before {
  content: ""剧本体裁："";
  color: var(--pixel-dim);
}",
214,电影剧本,请用电影剧本的格式写日记，包含场景号、内外景、时间和镜头描述,fiction,true,,
215,漫画脚本,请用漫画脚本的格式写日记，包含分镜、画面描述和台词,fiction,true,,
216,游戏脚本,请用游戏脚本的格式写日记，包含 NPC 对话、任务描述和选项,format,true,,
217,说明书,请用说明书的风格写日记，详细说明如何度过今天,format,true,,
218,指南,请用指南的风格写日记，给读者提供关于今天的建议和指导,work,true,,
219,教程,请用教程的风格写日记，一步一步教读者如何做今天的事情,work,true,,
220,报告,请用报告的风格写日记，客观、系统地汇报今天的情况,work,true,,
221,总结,请用总结的风格写日记，归纳今天的主要内容和收获,work,true,,
222,计划,请用计划的风格写日记，安排明天要做的事情,work,true,,
223,预算,请用预算的格式写日记，记录今天的收入和支出,life,true,,
224,账单,请用账单的格式写日记，详细列出今天的每一笔消费,life,true,,
225,清单,请用清单的格式写日记，列出今天所有的事情,format,true,,
226,目录,请用目录的格式写日记，列出今天所有的章节和页码,format,true,,
227,索引,请用索引的格式写日记，列出今天所有的关键词和对应的位置,format,true,"/* 卡片容器：米白工具书纸张基底，规整简洁的功能性风格 */
.gallery-card {
  background: #f8f7f2;
  border: 1px solid var(--pixel-dim);
  padding: 14px 16px;
  font-family: ""Consolas"", ""Monaco"", ""Times New Roman"", serif;
  position: relative;
  box-shadow: 0 1px 3px rgba(30, 38, 34, 0.08);
  transition: transform 0.2s ease, box-shadow 0.2s ease;
}

.gallery-card:hover {
  transform: translateY(-1px);
  box-shadow: 0 3px 6px rgba(30, 38, 34, 0.12);
}

/* 标题：索引主标题，工具书标准大写标识 */
.card-title {
  font-size: 14px;
  font-weight: 700;
  text-align: center;
  color: var(--pixel-dark);
  padding-bottom: 6px;
  border-bottom: 2px solid var(--pixel-dark);
  margin-bottom: 8px;
  letter-spacing: 1px;
  font-family: ""Times New Roman"", serif;
}

.card-title::before {
  content: ""INDEX · "";
  font-size: 12px;
  color: var(--pixel-dim);
  font-weight: normal;
  letter-spacing: 0;
}

/* 日期：索引收录日期标注，元数据右对齐弱化显示 */
.card-date {
  font-size: 10px;
  color: var(--pixel-dim);
  text-align: right;
  margin-bottom: 12px;
}

.card-date::before {
  content: ""收录日期："";
}

/* 精华句：标准索引格式 — 左关键词 + 中间点线引导 + 右对应页码 */
.card-highlight-item {
  display: flex;
  align-items: baseline;
  font-size: 12px;
  color: var(--pixel-dark);
  line-height: 1.8;
  margin: 2px 0;
}

/* 覆盖默认前缀，用弹性点线填充词条与页码之间的空白 */
.card-highlight-item::before {
  content: """";
  flex: 1;
  border-bottom: 1px dotted var(--pixel-dim);
  margin: 0 8px;
  opacity: 0.6;
}

/* 右侧对应页码，不同词条分配不同页码，还原真实索引分布 */
.card-highlight-item::after {
  color: var(--pixel-dim);
  font-size: 11px;
  white-space: nowrap;
}

.card-highlight-item:nth-of-type(1)::after { content: ""P.03""; }
.card-highlight-item:nth-of-type(2)::after { content: ""P.07""; }
.card-highlight-item:nth-of-type(3)::after { content: ""P.12""; }
.card-highlight-item:nth-of-type(4)::after { content: ""P.18""; }

/* 分隔符：索引首字母分段，对应工具书按字母排序的分类逻辑 */
.hl-sep {
  margin: 8px 0 4px 0;
}

.hl-sep::before {
  font-size: 14px;
  font-weight: 700;
  color: var(--pixel-dark);
  font-family: ""Times New Roman"", serif;
}

.hl-sep:nth-of-type(1)::before { content: ""B""; }
.hl-sep:nth-of-type(2)::before { content: ""C""; }

/* 无精华句：空索引占位 */
.card-no-highlight {
  font-size: 11px;
  color: var(--pixel-dim);
  text-align: center;
  padding: 20px 0;
}

.card-no-highlight::before {
  content: ""[ 无收录索引词条 ]"";
}

/* 扭蛋名标签：索引类型标注，工具书页脚格式 */
.card-style {
  font-size: 9px;
  color: var(--pixel-dim);
  text-align: right;
  margin-top: 10px;
  padding-top: 6px;
  border-top: 1px solid #e0e0e0;
}

.card-style::before {
  content: ""索引类型："";
}",
228,词汇表,请用词汇表的格式写日记，解释今天出现的所有重要词汇,format,true,,
229,时间表,请用时间表的格式写日记，列出今天每个时间段要做的事情,life,true,,
230,日程表,请用日程表的格式写日记，安排今天的所有活动,life,true,,
231,日历,请用日历的格式写日记，在日期格子里记录今天的事情,life,true,,
232,打卡,请用打卡的格式写日记，记录今天完成的各项打卡任务,life,true,,
233,评分,请用评分的格式写日记，给今天的每件事情打分,life,true,,
234,排名,请用排名的格式写日记，给今天的事情按重要性排序,life,true,,
235,投票,请用投票的格式写日记，对今天的事情进行投票表决,format,true,,
236,问卷,请用问卷的格式写日记，提出关于今天的问题并给出答案,format,true,,
237,测试,请用测试的格式写日记，设计一个关于今天的小测试,format,true,,
238,游戏,请用游戏的格式写日记，把今天的生活变成一个游戏,life,true,,
239,角色扮演,请扮演一个角色写日记，用这个角色的身份和语气说话,roleplay,true,,
240,穿越,请用穿越的风格写日记，想象自己穿越到了另一个时空,misc,true,,
241,重生,请用重生的风格写日记，想象自己重新活过了今天,misc,true,,
242,平行世界,请用平行世界的风格写日记，描述另一个世界里今天发生的事情,misc,true,,
243,时间循环,请用时间循环的风格写日记，描述自己被困在今天不断重复,misc,true,,
244,时间旅行,请用时间旅行的风格写日记，描述自己穿越到过去或未来的经历,misc,true,,
245,赛博朋克 2077 界面,请用赛博朋克游戏 UI 的格式写日记，包含义体状态、网络接入仓日志、公司通告和街头声望,roleplay,true,,
246,克苏鲁调查员笔记,请用克苏鲁神话的风格写日记，记录不可名状的恐惧、sanity check 失败和对未知的疯狂猜测,roleplay,true,,
247,蒸汽朋克图纸,请用蒸汽朋克的风格写日记，描述齿轮、活塞、发条装置和差分机的运转情况,roleplay,true,,
248,修真者修炼手札,请用修真小说的格式写日记，记录灵力运转周天、突破瓶颈感悟和丹药炼制心得,roleplay,true,,
249,末世生存者日志,请用末日求生的格式写日记，记录物资储备、感染者动向、安全屋防御和幸存者公约,roleplay,true,,
250,哈利波特魔法日记,请用霍格沃茨学生的格式写日记，使用如尼文、魔药配方和魁地奇战术板,roleplay,true,,
251,SCP 基金会报告,请用 SCP 项目档案的格式写日记，包含项目编号、收容措施、描述以及事故报告,roleplay,true,,
252,跑团记录（TRPG）,请用桌上角色扮演的记录格式写日记，包含掷骰结果、GM 提示、角色对话和行动判定,roleplay,true,,
253,二次元番剧简介,请用动漫简介的格式写日记，包含 STAFF、CAST、剧情梗概和下一集预告,media,true,,
254,洛丽塔穿搭日志,请用 Lo 娘日记的格式写日记，记录今天的坐标（OOTD）、JSK/BLB 选择、配饰和茶会邀约,media,true,,
255,地质勘探报告,请用地质学的格式写日记，描述今天的岩层构造、矿物成分、化石记录和地壳运动,tech,true,,
256,气象云图分析,请用气象局的格式写日记，分析气压梯度、锋面走向、湿度变化和降水概率,tech,true,,
257,化学实验记录,请用化学实验的格式写日记，包含试剂配比、反应方程式、现象观察和产物提纯,tech,true,,
258,物理定律推导,请用物理学论文的格式写日记，用数学公式和定理推导今天发生的事件,tech,true,,
259,生物细胞观察,请用生物学笔记的格式写日记，记录细胞分裂、新陈代谢速率和 DNA 转录过程,tech,true,,
260,宇宙射线观测,请用天文学的格式写日记，记录恒星光谱、红移现象、黑洞吸积盘和引力波信号,tech,true,,
261,噪音监测报告,请用分贝仪记录的格式写日记，描述城市白噪音、人声频谱和自然声波,tech,true,,
262,色卡比对,请用潘通（Pantone）色卡的格式写日记，用具体的色号描述心情,media,true,"/* 容器：蓝紫实色渐变打底 + 模拟玻璃高光层 + 柔和外发光 */
.gallery-card {
  background: 
    radial-gradient(circle at 20% 10%, rgba(255, 255, 255, 0.15) 0%, transparent 40%),
    linear-gradient(135deg, #667eea 0%, #764ba2 100%);
  border: none;
  border-radius: 16px;
  padding: 18px 20px;
  font-family: ""PingFang SC"", ""Microsoft YaHei"", sans-serif;
  position: relative;
  color: #ffffff;
  box-shadow: 
    0 4px 15px rgba(118, 75, 162, 0.3),
    0 0 20px rgba(102, 126, 234, 0.2);
  transition: transform 0.2s ease, box-shadow 0.2s ease;
}

.gallery-card:hover {
  transform: translateY(-2px);
  box-shadow: 
    0 6px 20px rgba(118, 75, 162, 0.4),
    0 0 30px rgba(102, 126, 234, 0.3);
}

/* 标题：居中现代无衬线，轻微文字发光 */
.card-title {
  font-size: 15px;
  font-weight: 600;
  text-align: center;
  color: #ffffff;
  margin-bottom: 6px;
  text-shadow: 0 0 8px rgba(255, 255, 255, 0.3);
}
.card-title::before { content: """"; }

/* 日期：淡白弱化，居中排版 */
.card-date {
  font-size: 10px;
  color: rgba(255, 255, 255, 0.7);
  text-align: center;
  margin-bottom: 14px;
}
.card-date::before { content: """"; }

/* 精华句：半透明白玻璃块，内模糊模拟毛玻璃质感 */
.card-highlight-item {
  font-size: 12px;
  color: #ffffff;
  line-height: 1.6;
  padding: 8px 12px;
  margin: 6px 0;
  background: rgba(255, 255, 255, 0.12);
  border-radius: 10px;
  backdrop-filter: blur(4px);
  border: 1px solid rgba(255, 255, 255, 0.18);
}
.card-highlight-item::before { content: """"; }

/* 分隔符：渐变细线，柔和过渡 */
.hl-sep {
  height: 1px;
  background: linear-gradient(90deg, transparent, rgba(255, 255, 255, 0.3), transparent);
  margin: 4px 0;
}

/* 无精华句：淡白占位 */
.card-no-highlight {
  font-size: 11px;
  color: rgba(255, 255, 255, 0.6);
  text-align: center;
  padding: 20px 0;
}
.card-no-highlight::before { content: """"; }

/* 扭蛋标签：底部淡色标注 */
.card-style {
  font-size: 9px;
  color: rgba(255, 255, 255, 0.6);
  text-align: right;
  margin-top: 10px;
  padding-top: 6px;
  border-top: 1px solid rgba(255, 255, 255, 0.15);
}
.card-style::before { content: """"; }",
263,味觉风味轮,请用威士忌或咖啡风味轮的格式写日记，描述今天经历的酸甜苦咸鲜及具体香气,media,true,,
264,产品经理 PRD,请用产品需求文档的格式写日记，包含背景、用户画像、功能需求、验收标准和迭代计划,work,true,,
265,心理咨询师个案,请用心理咨询的格式写日记，包含来访者主诉、防御机制分析、移情反移情和干预策略,work,true,"/* 卡片容器：柔白记录纸基底，中性克制的临床文档质感 */
.gallery-card {
  background: #fafafa;
  border: 1px solid #e0e0e0;
  padding: 16px 18px;
  font-family: ""PingFang SC"", ""Microsoft YaHei"", sans-serif;
  position: relative;
  line-height: 1.6;
  color: var(--pixel-dark);
  box-shadow: 0 1px 3px rgba(30, 38, 34, 0.08);
  transition: transform 0.2s ease, box-shadow 0.2s ease;
}

.gallery-card:hover {
  transform: translateY(-1px);
  box-shadow: 0 3px 6px rgba(30, 38, 34, 0.12);
}

/* 左上角：个案编号，符合咨询档案的归档规范 */
.gallery-card::before {
  content: ""个案编号：CASE-2026"";
  position: absolute;
  top: 12px;
  left: 18px;
  font-size: 9px;
  color: var(--pixel-dim);
  pointer-events: none;
}

/* 标题：咨询记录主标题，底部横线分隔正文 */
.card-title {
  font-size: 14px;
  font-weight: 600;
  color: var(--pixel-dark);
  padding-bottom: 6px;
  border-bottom: 1px solid #e0e0e0;
  margin-top: 14px;
  margin-bottom: 8px;
}

.card-title::before {
  content: ""咨询记录 · "";
  color: var(--pixel-dim);
  font-weight: normal;
  font-size: 13px;
}

/* 日期：咨询时间标注，右对齐元数据 */
.card-date {
  font-size: 10px;
  color: var(--pixel-dim);
  text-align: right;
  margin-bottom: 12px;
}

.card-date::before {
  content: ""咨询日期："";
}

/* 精华句：四大咨询模块，模块标题独占一行，正文清晰区分 */
.card-highlight-item {
  font-size: 12px;
  color: var(--pixel-dark);
  margin: 8px 0;
  line-height: 1.6;
}

/* 模块标题：加粗标识，对应咨询记录的标准分段 */
.card-highlight-item::before {
  display: block;
  font-weight: 600;
  font-size: 11px;
  color: var(--pixel-dark);
  margin-bottom: 3px;
}

.card-highlight-item:nth-of-type(1)::before {
  content: ""▌来访者主诉"";
}
.card-highlight-item:nth-of-type(2)::before {
  content: ""▌防御机制分析"";
}
.card-highlight-item:nth-of-type(3)::before {
  content: ""▌移情与反移情"";
}
.card-highlight-item:nth-of-type(4)::before {
  content: ""▌干预策略"";
}

/* 分隔符：淡灰细线，区隔不同咨询模块，保持排版清爽 */
.hl-sep {
  height: 1px;
  background: #e8e8e8;
  margin: 4px 0;
}

/* 无精华句：空咨询记录占位 */
.card-no-highlight {
  font-size: 11px;
  color: var(--pixel-dim);
  text-align: center;
  padding: 20px 0;
}

.card-no-highlight::before {
  content: ""【本次无咨询记录】"";
}

/* 扭蛋名标签：咨询类型标注，虚线分隔贴合档案页脚格式 */
.card-style {
  font-size: 9px;
  color: var(--pixel-dim);
  text-align: right;
  margin-top: 12px;
  padding-top: 6px;
  border-top: 1px dashed #e0e0e0;
}

.card-style::before {
  content: ""咨询类型："";
}",
266,法官庭审笔录,请用法庭记录的格式写日记，包含传票、举证质证、法庭辩论和当庭宣判,work,true,,
267,外科医生手术记录,请用手术报告的格式写日记，包含术前诊断、麻醉方式、切口缝合和出血量,work,true,,
268,特工任务简报,请用间谍电影的格式写日记，包含情报来源、行动计划、撤退路线和装备清单,roleplay,true,,
269,农夫历,请用老黄历和农谚的格式写日记，记录节气、墒情、作物长势和家畜饲养,life,true,,
270,厨师长工作日志,请用后厨管理的格式写日记，记录备货清单、出餐速度、客诉处理和食材损耗,work,true,,
271,DJ 打碟歌单,请用 DJ Set 的格式写日记，包含 BPM、调性（Key）、混音过渡和 Track ID,media,true,"/* 卡片容器：深黑打碟台屏幕基底 + 淡扫描线 + 霓虹青边框 */
.gallery-card {
  background-color: #121212;
  background-image: linear-gradient(rgba(0, 212, 255, 0.02) 50%, transparent 50%);
  background-size: 100% 4px;
  border: 1px solid #00d4ff;
  padding: 14px 16px;
  font-family: ""Consolas"", ""Monaco"", monospace;
  position: relative;
  color: #e0e0e0;
  box-shadow: 0 0 8px rgba(0, 212, 255, 0.1);
  transition: transform 0.2s ease, box-shadow 0.2s ease;
}

.gallery-card:hover {
  transform: translateY(-1px);
  box-shadow: 0 3px 10px rgba(0, 212, 255, 0.18);
}

/* 标题：Set 主标题 + 播放状态标识 */
.card-title {
  font-size: 14px;
  font-weight: 600;
  color: #00d4ff;
  padding-bottom: 6px;
  border-bottom: 1px solid rgba(0, 212, 255, 0.3);
  margin-bottom: 8px;
  letter-spacing: 1px;
}

.card-title::before {
  content: ""▶ "";
  color: #ff2d95;
  margin-right: 4px;
}

/* 日期：演出日期标注，元数据弱化 */
.card-date {
  font-size: 10px;
  color: #888;
  text-align: right;
  margin-bottom: 12px;
}

.card-date::before {
  content: ""SET DATE: "";
  color: #666;
}

/* 精华句：单条曲目，左BPM编号 + 中曲名 + 右调性，专业歌单三栏布局 */
.card-highlight-item {
  display: flex;
  justify-content: space-between;
  align-items: baseline;
  font-size: 12px;
  color: #e0e0e0;
  line-height: 1.8;
  padding: 4px 8px;
  background: rgba(255, 255, 255, 0.03);
  border-left: 2px solid #00d4ff;
  margin: 4px 0;
}

/* 覆盖默认前缀，左侧放置 Track ID + BPM */
.card-highlight-item::before {
  font-size: 11px;
  color: #ff2d95;
  font-weight: 600;
  min-width: 80px;
}

/* 右侧放置调性 Key */
.card-highlight-item::after {
  font-size: 10px;
  color: #888;
  white-space: nowrap;
  margin-left: 10px;
}

/* 每条曲目独立参数，模拟真实 Set 的调速与转调 */
.card-highlight-item:nth-of-type(1)::before { content: ""01 / 128BPM""; }
.card-highlight-item:nth-of-type(1)::after { content: ""Key: Am""; }
.card-highlight-item:nth-of-type(2)::before { content: ""02 / 130BPM""; }
.card-highlight-item:nth-of-type(2)::after { content: ""Key: F#m""; }
.card-highlight-item:nth-of-type(3)::before { content: ""03 / 126BPM""; }
.card-highlight-item:nth-of-type(3)::after { content: ""Key: Cm""; }
.card-highlight-item:nth-of-type(4)::before { content: ""04 / 124BPM""; }
.card-highlight-item:nth-of-type(4)::after { content: ""Key: Gm""; }

/* 分隔符：两首曲目间的混音过渡点，完美对应 CROSSFADE 衔接逻辑 */
.hl-sep {
  text-align: center;
  margin: 2px 0;
}

.hl-sep::before {
  content: ""— CROSSFADE —"";
  font-size: 9px;
  color: #666;
  letter-spacing: 2px;
}

/* 无精华句：空曲目占位 */
.card-no-highlight {
  font-size: 11px;
  color: #666;
  text-align: center;
  padding: 20px 0;
}

.card-no-highlight::before {
  content: ""[ NO TRACKS LOADED ]"";
}

/* 扭蛋名标签：曲风分类标注，歌单页脚格式 */
.card-style {
  font-size: 9px;
  color: #00d4ff;
  border-top: 1px solid rgba(0, 212, 255, 0.3);
  padding-top: 6px;
  margin-top: 8px;
  text-align: right;
  letter-spacing: 0.5px;
}

.card-style::before {
  content: ""GENRE: "";
  color: #666;
}",
272,策展人导览词,请用艺术展览的格式写日记，将今天的经历分为展厅、展品解读和观展动线,media,true,,
273,黑匣子录音,请用飞行数据记录器的格式写日记，包含 UTC 时间、高度、空速、俯仰角和驾驶舱语音,tech,true,,
274,冷战时期密电,请用冷战谍报的格式写日记，使用一次性便笺本加密，充满代号,roleplay,true,,
275,时间管理局档案,请用官方机构的格式写日记，记录时间线的分支、悖论修复和历史修正,roleplay,true,,
276,AI 模型训练日志,请用机器学习训练的格式写日记，包含 Epoch、Loss 曲线、Accuracy 和过拟合警告,tech,true,,
277,操作系统崩溃报告,请用 Windows 蓝屏（BSOD）的格式写日记，包含终止代码、失败的操作和内存转储,tech,true,,
278,博物馆文物标签,请用展品说明牌的格式写日记，包含年代、出土地点、材质、尺寸和解说文字,media,true,,
279,宜家说明书,请用宜家组装说明书的格式写日记，只有图示，没有文字，展示零件组合过程,media,true,,
280,乐高搭建手册,请用乐高积木的步骤图写日记，展示今天是如何一步步拼装完成的,media,true,,
281,塔罗牌阵解读,请用韦特塔罗的格式写日记，抽牌并解读它们在过去现在未来的位置,misc,true,,
282,星盘运势分析,请用占星术的格式写日记，分析上升星座、月亮落座、水逆影响和相位刑冲,misc,true,,
283,Emoji 密码,请只用 Emoji 表情符号写日记，不使用任何文字，通过图画叙事,creative,true,,
284,摩尔斯电码,请用摩尔斯电码的格式写日记，滴滴答答地记录,code,true,,
285,二进制代码,请将今天的日记完全转换为二进制的 0 和 1 字符串,code,true,,
286,盲文点字,请用盲文（Braille）的六点格式描述今天的触感和经历,code,true,,
287,条形码 / 二维码,请将日记内容编码为一个 UPC-A 条形码或 QR Code，并附上扫描说明,code,true,,
288,康威生命游戏,请用康威生命游戏的细胞自动机规则来描述今天的状态变化,code,true,,
289,数学证明过程,请将今天的经历写成一道几何题或代数题的证明过程，已知、求证、证明,tech,true,,
290,乐谱（五线谱）,请使用 G clef 和音符时值来记录今天情绪的起伏，休止符代表沉默,creative,true,,
291,建筑蓝图,请用建筑图纸的格式写日记，包含平面图、立面图、剖面图和节点大样,media,true,,
292,垃圾分类指南,请将今天产生的所有垃圾进行分类，分别投入可回收、厨余、有害和其他垃圾桶,life,true,,
293,WIFI 信号强度图,请用信号格数（dBm）来描述今天在不同地点的心情连接质量,tech,true,,
294,电池电量消耗图,请将自己比作一块电池，记录从 100% 到关机充电的全过程，标注耗电应用,life,true,,
295,浏览器历史记录,请用 Chrome 历史记录的格式写日记，列出今天访问过的网站、时间和搜索关键词,life,true,,
296,404 Not Found,请写一篇关于 ' 今天什么都没发生 ' 的日记，全是找不到页面的错误提示,creative,true,"/* 卡片容器：浅灰服务器页面实底，朴素生硬的原生报错质感 */
.gallery-card {
  background: #f8f8f8;
  border: 1px solid #d0d0d0;
  padding: 16px 20px;
  font-family: ""Consolas"", ""Monaco"", monospace;
  position: relative;
  line-height: 1.5;
  color: #333333;
  box-shadow: 0 1px 3px rgba(0, 0, 0, 0.08);
  transition: transform 0.2s ease, box-shadow 0.2s ease;
}

.gallery-card:hover {
  transform: translateY(-1px);
  box-shadow: 0 3px 6px rgba(0, 0, 0, 0.12);
}

/* 标题：404 状态码 + 错误描述，暗红包错色强化识别 */
.card-title {
  font-size: 16px;
  font-weight: 600;
  color: #a01010;
  padding-bottom: 6px;
  border-bottom: 1px solid #e0e0e0;
  margin-bottom: 8px;
  letter-spacing: 0.5px;
}

.card-title::before {
  content: ""404 | "";
  color: #a01010;
  font-weight: 700;
}

/* 日期：请求时间标注，贴合 HTTP 报文格式 */
.card-date {
  font-size: 10px;
  color: #888888;
  text-align: right;
  margin-bottom: 12px;
}

.card-date::before {
  content: ""请求时间: "";
}

/* 精华句：错误详情条目，短横线前缀模拟终端列表格式 */
.card-highlight-item {
  font-size: 12px;
  color: #333333;
  line-height: 1.6;
  margin: 4px 0;
  padding-left: 1em;
}

/* 覆盖默认前缀，替换为错误列表标记 */
.card-highlight-item::before {
  content: ""- "";
  color: #888888;
}

/* 分隔符：等宽虚线分隔，还原终端报错的分隔样式 */
.hl-sep {
  text-align: center;
  margin: 6px 0;
}

.hl-sep::before {
  content: ""-------------------------"";
  font-size: 10px;
  color: #cccccc;
  letter-spacing: 1px;
}

/* 无精华句：核心视觉——大号404状态码 + 无内容提示，呼应""什么都没发生"" */
.card-no-highlight {
  font-size: 11px;
  color: #888888;
  text-align: center;
  padding: 20px 0;
  line-height: 1.4;
}

.card-no-highlight::before {
  content: ""404"";
  display: block;
  font-size: 36px;
  font-weight: 700;
  color: #a01010;
  margin-bottom: 8px;
  letter-spacing: 2px;
}

/* 扭蛋名标签：错误类型标注，页脚格式 */
.card-style {
  font-size: 9px;
  color: #888888;
  text-align: right;
  margin-top: 12px;
  padding-top: 6px;
  border-top: 1px solid #e0e0e0;
}

.card-style::before {
  content: ""错误类型: HTTP "";
}",
297,验证码,请用扭曲的字符和干扰线来描述今天的模糊不清的状态,creative,true,,
298,自动售货机清单,请用自动售货机货道号的格式写日记，A1 是早餐，B3 是下午茶,life,true,".gallery-card {
    background-color: #f8f6f1;
    color: #2d2a24;
    border: none;
    border-radius: 0;
    padding: 20px 14px 14px;
    font-family: ""Courier New"", ""Consolas"", monospace;
    box-shadow: 0 1px 3px rgba(0,0,0,0.10);
}

.gallery-card::before {
    content: ""- - - - - - - - - - - - - - - -"";
    display: block;
    text-align: center;
    font-size: 7px;
    color: #bfbbb0;
    letter-spacing: 1px;
    margin-bottom: 12px;
    padding-bottom: 8px;
    border-bottom: 1px dashed #d5d0c5;
    line-height: 1;
}

.card-title {
    text-align: center;
    font-size: 12px;
    font-weight: bold;
    margin-bottom: 3px;
    letter-spacing: 1px;
}

.card-date {
    text-align: center;
    font-size: 9px;
    color: #8a8578;
    margin-bottom: 14px;
    display: block;
    letter-spacing: 0.5px;
}

.card-highlight-item {
    font-size: 11px;
    line-height: 1.7;
    margin: 0 0 0 0;
    padding: 2px 0;
    border-bottom: 1px dotted #e8e4da;
    letter-spacing: 0.3px;
}

.card-highlight-item::before {
    content: ""[ ] "";
    color: #bfbbb0;
    letter-spacing: 0;
}

.card-highlight-item:last-child {
    border-bottom: none;
}

.hl-sep {
    display: none;
}

.card-no-highlight {
    text-align: center;
    font-size: 10px;
    color: #bfbbb0;
    font-style: italic;
    padding: 8px 0;
}

.card-style {
    text-align: center;
    font-size: 8px;
    color: #b5b0a5;
    margin-top: 12px;
    padding-top: 6px;
    border-top: 1px dashed #d5d0c5;
    letter-spacing: 0.5px;
}

.card-style::after {
    content: ""===== THANK YOU ====="";
    display: block;
    font-size: 7px;
    color: #bfbbb0;
    margin-top: 4px;
    letter-spacing: 1px;
}

.gallery-card:hover {
    transform: translate(-2px, -2px);
    box-shadow: 4px 4px 0 #d5d0c5;
}",
299,村上春树,用村上春树的文体写日记。选择性包含但不限于：第一人称独白、爵士乐或威士忌的随想、猫的比喻、井的隐喻、日常中突然出现的超现实缝隙、'某某说来着'的引用习惯、对琐碎事物（如熨衬衫、煮意大利面）的细致描写、疏离感与温柔并存的语调、'我'式的淡然叙述、偶发的空虚感,roleplay,true,,
300,乙一,用乙一的文体写日记。选择性包含但不限于：冷静到近乎冷漠的第一人称、日常底下隐藏的异常、白色/黑暗的双重质感、短句、留白、对死亡或孤独的轻描淡写、看似旁观实则温柔的视角、微小的善意、不解释的结尾,roleplay,true,,
301,卡夫卡,用卡夫卡的文体写日记。选择性包含但不限于：荒诞的日常规则、无法抵达的目标、官僚体制的隐喻、压抑的室内空间、变形或异化的自我感知、冗长曲折的单句、梦逻辑、对权力结构的不安、被困住的感觉,roleplay,true,,
302,博尔赫斯,用博尔赫斯的文体写日记。选择性包含但不限于：迷宫与无限、虚构的书籍引用、镜子与副本、时间分叉的假说、学术化的叙述口吻、以论文体写私人经验、图书馆隐喻、真实与虚构的边界模糊、脚注式自我注释,roleplay,true,,
303,太宰治,用太宰治的文体写日记。选择性包含但不限于：自我贬低的独白、对社交的恐惧与渴望、'失格'的自我审判、逗笑作为生存策略、颓废中的温柔、反复的否定与自嘲、对他人善意的不知所措、极度坦诚的内心剖白,roleplay,true,,
304,张爱玲,用张爱玲的文体写日记。选择性包含但不限于：华美与苍凉并行、对服饰食物居所的精细白描、市井气息中的命运感、'生命是一袭华美的袍'式的比喻、冷眼旁观的残忍、色彩与气味浓烈的感官书写、新旧交替时代的疏离、看似闲笔实为刀锋,roleplay,true,,
305,川端康成,用川端康成的文体写日记。选择性包含但不限于：极致的感官捕捉（雪的声音、花的温度）、留白与省略、物哀、季节感、短句如俳句、对美的瞬间消逝的记录、沉默比语言更多、淡到几乎透明的情绪,roleplay,true,,
306,鲁迅,用鲁迅的文体写日记。选择性包含但不限于：短句刺穿、冷峻的讽刺、对麻木的愤怒、'从来如此便对么'式的反问、白描式的细节、比喻辛辣精准、不原谅也不放弃的笔触、日常中的荒诞与残酷、沉默中的爆发,roleplay,true,"/* 卡片容器：冷调旧纸基底 + 左侧暗红锋线，铅印杂文质感 */
.gallery-card {
  background-color: #f0eee8;
  background-image: radial-gradient(circle at 25% 35%, rgba(80, 80, 80, 0.03) 0%, transparent 12%);
  border: 1px solid #5a5a55;
  border-left: 2px solid var(--pixel-alert);
  padding: 14px 18px;
  font-family: ""SimSun"", ""STSong"", serif;
  position: relative;
  line-height: 1.65;
  color: var(--pixel-dark);
  box-shadow: 0 1px 3px rgba(30, 38, 34, 0.1);
  transition: transform 0.2s ease, box-shadow 0.2s ease;
}

.gallery-card:hover {
  transform: translateY(-1px);
  box-shadow: 0 3px 6px rgba(30, 38, 34, 0.12);
}

/* 标题：随感录前缀致敬经典杂文系列，硬朗加粗 */
.card-title {
  font-size: 14px;
  font-weight: 700;
  color: var(--pixel-dark);
  margin-bottom: 4px;
  letter-spacing: 0.5px;
}

.card-title::before {
  content: ""随感录·"";
  color: var(--pixel-alert);
  font-weight: normal;
  font-size: 13px;
}

/* 日期：日记纪年标注，浅灰弱化，贴合旧文稿格式 */
.card-date {
  font-size: 10px;
  color: var(--pixel-dim);
  margin-bottom: 12px;
}

.card-date::before {
  content: ""记于 · "";
}

/* 精华句：首行缩进中文排版，平实白描，无多余装饰，让文字本身发力 */
.card-highlight-item {
  font-size: 12px;
  color: var(--pixel-dark);
  margin: 6px 0;
  text-indent: 2em;
  line-height: 1.7;
}

/* 覆盖默认前缀，剔除多余符号，保持白描的干净锐利 */
.card-highlight-item::before {
  content: """";
}

/* 分隔符：短破折号，克制停顿，对应杂文的叙事节奏 */
.hl-sep {
  text-align: center;
  margin: 4px 0;
}

.hl-sep::before {
  content: ""——"";
  font-size: 10px;
  color: var(--pixel-dim);
  letter-spacing: 2px;
}

/* 无精华句：沉默占位，呼应「不在沉默中爆发，就在沉默中灭亡」 */
.card-no-highlight {
  font-size: 11px;
  color: var(--pixel-dim);
  text-align: center;
  padding: 20px 0;
}

.card-no-highlight::before {
  content: ""「 沉 默 」"";
  color: var(--pixel-alert);
  letter-spacing: 4px;
  display: block;
  margin-bottom: 4px;
}

/* 扭蛋名标签：页脚淡线分隔，克制不抢正文锋芒 */
.card-style {
  font-size: 9px;
  color: var(--pixel-dim);
  text-align: right;
  margin-top: 10px;
  padding-top: 6px;
  border-top: 1px solid #d0cdc4;
}

.card-style::before {
  content: ""文体："";
}",
307,加缪,用加缪的文体写日记。选择性包含但不限于：对荒诞的冷静注视、阳光与死亡并置、对重复日常的如实记录（如海水温度、午餐内容）、不寻求意义但坚持行动、局外人的视角、感官体验的精确记述、'今天妈妈死了也许是昨天'式的时间淡漠,roleplay,true,,
308,芥川龙之介,用芥川龙之介的文体写日记。选择性包含但不限于：极短的篇幅、冷澈的观察、人性暗面的揭示、多重叙述视角的切换、古典与现代的交错、对艺术的执念与怀疑、讽刺不留余地、结尾的突然翻转、'人生不如一行波德莱尔'式的警句,roleplay,true,"/* ============ 芥川龙之介卡片 ============ */
/* 基底：大正文艺杂志专栏 · 冷调轻和纸 · 零装饰 */
.gallery-card {
    background-color: #f5f0e8;
    color: #1a1a1a;
    border: none;
    font-family: ""Georgia"", ""Noto Serif SC"", ""STSong"", serif;
    padding: 18px 16px 14px 16px;
    box-shadow:
        0 1px 3px rgba(0,0,0,0.1),
        0 0 0 1px #d5d0c8;
    text-align: left;
}
/* 无 ::before — 极短的篇幅，不要卷头 */

/* 标题：冷静克制 */
.card-title {
    font-size: 14px;
    color: #1a1a1a;
    font-weight: bold;
    line-height: 1.4;
    margin-bottom: 4px;
}
/* 日期：日式纪年、右对齐署名位 */
.card-date {
    font-size: 9px;
    color: #888888;
    text-align: right;
    margin-bottom: 16px;
}
/* 精华句：冷澈散文、宽行距制造观察距离 */
.card-highlight-item {
    font-size: 11px;
    color: #1a1a1a;
    line-height: 1.8;
    margin-bottom: 0;
    text-align: justify;
}
/* 无分隔 — 连续文字流 */
.hl-sep { display: none; }
/* 无精华：简短陈述 */
.card-no-highlight {
    font-size: 10px;
    color: #888888;
    text-align: center;
    margin: 10px 0;
    font-style: normal;
}
.card-no-highlight::before {
    content: ""（本日、特筆すべきことなし）"";
}
/* 风格标签：括号署名 → 结尾翻转 */
.card-style {
    font-size: 9px;
    color: #888888;
    text-align: right;
    margin-top: 18px;
    font-style: normal;
}
.card-style::before { content: ""（""; }
.card-style::after  { content: ""）""; }
/* hover：和纸边缘微加深 */
.gallery-card:hover {
    box-shadow:
        0 2px 5px rgba(0,0,0,0.15),
        0 0 0 1px #c5c0b8;
    transform: translate(0, -1px);
}",
309,马尔克斯,用马尔克斯的文体写日记。选择性包含但不限于：魔幻现实主义的瑰丽叙事，时间循环与宿命感，家族史诗的厚重回响，热带气味的文字，孤独作为永恒主题,roleplay,true,"/* 卡片容器：泛黄旧纸基底 + 热带斑驳质感 + 装订书脊痕迹 */
.gallery-card {
  background: #f5ecd9;
  background-image: 
    radial-gradient(circle at 22% 35%, rgba(139, 90, 43, 0.07) 0%, transparent 10%),
    radial-gradient(circle at 78% 68%, rgba(139, 90, 43, 0.05) 0%, transparent 8%);
  border: 1px solid #b8a07a;
  padding: 14px 16px 14px 14px;
  font-family: ""Times New Roman"", ""SimSun"", ""FangSong"", serif;
  position: relative;
  line-height: 1.6;
  box-shadow: 0 2px 4px rgba(30, 38, 34, 0.1);
  transition: transform 0.2s ease, box-shadow 0.2s ease;
}

.gallery-card:hover {
  transform: translateY(-1px);
  box-shadow: 0 3px 7px rgba(30, 38, 34, 0.15);
}

/* 左侧书脊装订线：模拟家族史诗厚书的装订痕迹 */
.gallery-card::before {
  content: """";
  position: absolute;
  left: 0;
  top: 0;
  width: 5px;
  height: 100%;
  background: linear-gradient(to bottom, #a68b5c, #c9b38a, #a68b5c);
  pointer-events: none;
}

/* 右上角书页折角：旧书实体感细节 */
.gallery-card::after {
  content: """";
  position: absolute;
  top: 0;
  right: 0;
  width: 0;
  height: 0;
  border-top: 12px solid #d9c9a8;
  border-left: 12px solid transparent;
  pointer-events: none;
}

/* 标题：章节式排版，魔幻叙事感前缀 */
.card-title {
  font-size: 14px;
  font-weight: 600;
  font-style: italic;
  color: var(--pixel-dark);
  padding-left: 8px;
  margin-bottom: 6px;
}

.card-title::before {
  content: ""◈ "";
  color: var(--pixel-alert);
  font-style: normal;
  font-size: 13px;
}

/* 日期：致敬经典开篇「多年以后」，直接点题时间循环与宿命感 */
.card-date {
  font-size: 10px;
  color: var(--pixel-dim);
  font-style: italic;
  text-align: right;
  margin-bottom: 10px;
  padding-right: 4px;
}

.card-date::before {
  content: ""多年以后 · "";
  color: var(--pixel-alert);
  font-style: normal;
}

/* 精华句：西式旧书首字下沉排版，还原文学史诗的阅读质感 */
.card-highlight-item {
  font-size: 12px;
  color: var(--pixel-dark);
  margin: 8px 0;
  line-height: 1.7;
  text-indent: 0;
}

/* 覆盖默认前缀 */
.card-highlight-item::before {
  content: """";
}

/* 首字母下沉：旧书经典排版，强化史诗厚重感 */
.card-highlight-item::first-letter {
  font-size: 26px;
  float: left;
  line-height: 1;
  margin-right: 5px;
  margin-top: 2px;
  color: var(--pixel-alert);
  font-family: ""Times New Roman"", serif;
  font-weight: 600;
}

/* 分隔符：无穷符号，对应时间循环、宿命轮回的核心主题 */
.hl-sep {
  text-align: center;
  margin: 4px 0;
}

.hl-sep::before {
  content: ""— ∞ —"";
  font-size: 10px;
  color: var(--pixel-dim);
  letter-spacing: 2px;
}

/* 无精华句：呼应「孤独是永恒主题」的内核 */
.card-no-highlight {
  font-size: 11px;
  color: var(--pixel-dim);
  text-align: center;
  padding: 20px 0;
  font-style: italic;
}

.card-no-highlight::before {
  content: ""「 唯有孤独恒常如新 」"";
  color: var(--pixel-alert);
  display: block;
  margin-bottom: 6px;
  font-style: normal;
  font-size: 12px;
}

/* 扭蛋名标签：泛黄胶带贴纸样式，模拟旧书里的藏书标签 */
.card-style {
  font-size: 9px;
  color: var(--pixel-dark);
  background: var(--repair-tape);
  padding: 3px 8px;
  border-radius: 1px;
  align-self: flex-start;
  margin-top: 8px;
  transform: rotate(-1.5deg);
  box-shadow: 1px 1px 2px rgba(0, 0, 0, 0.1);
}

.card-style::before {
  content: ""文体："";
  color: var(--pixel-alert);
  font-weight: 600;
}",
310,莫泊桑,用莫泊桑的文体写日记。选择性包含但不限于：冷峻的讽刺笔触，意料之外的结尾反转，对人性弱点的精准捕捉，社会阶层的细微刻画，克制的情感表达,roleplay,true,,
311,陀思妥耶夫斯基,用陀思妥耶夫斯基的文体写日记。选择性包含但不限于：灵魂深处的挣扎与拷问，多重意识的激烈对话，罪与罚的哲学重量，地下室人的自虐式独白，近乎疯狂的思辨密度,roleplay,true,"/* ============ 陀思妥耶夫斯基卡片 ============ */
/* 基底：地下室手记的笔记本散页 */
.gallery-card {
    background-color: #e5dcc8;
    color: #1a1410;
    border: 1px solid #8b7b6b;
    font-family: ""Georgia"", ""Times New Roman"", ""Noto Serif SC"", serif;
    padding: 14px 10px 12px 16px;
    box-shadow:
        inset 0 0 40px rgba(80, 60, 40, 0.1),
        0 1px 3px rgba(0,0,0,0.15);
    text-align: left;
}

/* 卷头：地下手记 */
.gallery-card::before {
    content: ""\2014\2014  手  记  \2014\2014"";
    display: block;
    font-size: 10px;
    letter-spacing: 3px;
    color: #5c4a3a;
    text-align: center;
    font-style: italic;
    margin-bottom: 10px;
}

/* 标题：紧凑、无装饰 */
.card-title {
    font-size: 13px;
    color: #1a1410;
    font-weight: bold;
    text-align: left;
    line-height: 1.3;
    margin-bottom: 3px;
}

/* 日期：右对齐页边注 */
.card-date {
    font-size: 9px;
    color: #6b5b4a;
    font-style: italic;
    text-align: right;
    margin-bottom: 10px;
}
.card-date::before { content: ""[""; }
.card-date::after  { content: ""]""; }

/* 精华句：密集段落 */
.card-highlight-item {
    font-size: 11px;
    color: #1a1410;
    line-height: 1.5;
    margin-bottom: 0;
    text-align: left;
}
.card-highlight-item::before {
    content: none;
}

/* 句间分隔：断裂省略号 */
.hl-sep {
    height: auto;
    text-align: center;
    font-size: 11px;
    color: #8b7b6b;
    margin: 3px 0;
    line-height: 1;
}
.hl-sep::before {
    content: "".  .  ."";
    letter-spacing: 4px;
}

/* 无精华：划掉 */
.card-no-highlight {
    font-size: 10px;
    color: #8b7b6b;
    font-style: italic;
    text-align: center;
    margin: 8px 0;
    text-decoration: line-through;
}
.card-no-highlight::before {
    content: ""[ 今日无言 ]"";
}

/* 风格标签：右对齐虚线页脚 */
.card-style {
    font-size: 8px;
    color: #6b5b4a;
    font-style: italic;
    text-align: right;
    margin-top: 10px;
    padding-top: 6px;
    border-top: 1px dashed #8b7b6b;
}
.card-style::before { content: ""\2014\2014 ""; }

/* hover：下沉阴影 */
.gallery-card:hover {
    box-shadow:
        2px 2px 0 #5c4a3a,
        inset 0 0 50px rgba(80, 60, 40, 0.15),
        0 2px 6px rgba(0,0,0,0.18);
    transform: translate(-1px, -1px);
}",
312,赫尔曼·黑塞,用赫尔曼·黑塞的文体写日记。选择性包含但不限于：内在自我的分裂与整合，东方哲学的西方式消化，流浪者的精神求索，双面人格的镜像叙事，玻璃珠游戏般的智性世界,roleplay,true,,
313,三岛由纪夫,用三岛由纪夫的文体写日记。选择性包含但不限于：极致的美学偏执，死亡与美的共生，仪式感的文字节奏，肉体崇拜与毁灭冲动，金阁寺式的凝视,roleplay,true,"/* 卡片容器：冷调和纸基底 + 烫金内边框 + 极淡金箔纹理 */
.gallery-card {
  background: #f7f5f2;
  background-image: radial-gradient(circle at 65% 20%, rgba(212, 175, 55, 0.06) 0%, transparent 8%);
  border: 1px solid var(--pixel-dark);
  box-shadow: inset 0 0 0 1px rgba(212, 175, 55, 0.25);
  padding: 14px 18px;
  font-family: ""SimSun"", ""STSong"", ""FangSong"", serif;
  position: relative;
  line-height: 1.7;
  transition: transform 0.2s ease, box-shadow 0.2s ease;
}

.gallery-card:hover {
  transform: translateY(-1px);
  box-shadow: 0 3px 8px rgba(30, 38, 34, 0.1), 0 0 12px rgba(212, 175, 55, 0.08);
}

/* 左侧刀脊双线：黑+金并列，隐喻「死亡与美共生」的核心内核 */
.gallery-card::before {
  content: """";
  position: absolute;
  left: 8px;
  top: 12px;
  height: calc(100% - 24px);
  width: 2px;
  background: linear-gradient(90deg, var(--pixel-dark) 50%, #d4af37 50%);
  pointer-events: none;
}

/* 标题：章节式居中排版，烫金章节符号强化仪式感 */
.card-title {
  font-size: 14px;
  font-weight: 600;
  text-align: center;
  color: var(--pixel-dark);
  padding-bottom: 6px;
  border-bottom: 1px solid rgba(212, 175, 55, 0.3);
  margin-bottom: 8px;
  letter-spacing: 1px;
}

.card-title::before {
  content: ""§ "";
  color: #d4af37;
  font-size: 13px;
  font-weight: normal;
}

/* 日期：凝视主题前缀，对应金阁寺式的永恒注视 */
.card-date {
  font-size: 10px;
  color: var(--pixel-dim);
  text-align: right;
  margin-bottom: 10px;
}

.card-date::before {
  content: ""凝视 · "";
  color: #d4af37;
}

/* 精华句：左侧金线衬边，规整对齐体现美学偏执，宽行高营造仪式节奏 */
.card-highlight-item {
  font-size: 12px;
  color: var(--pixel-dark);
  padding-left: 12px;
  margin: 8px 0;
  border-left: 1px solid #d4af37;
  line-height: 1.7;
}

/* 覆盖默认前缀，保持排版绝对规整 */
.card-highlight-item::before {
  content: """";
}

/* 分隔符：鎏金菱形断章，对应叙事的仪式感停顿 */
.hl-sep {
  text-align: center;
  margin: 4px 0;
}

.hl-sep::before {
  content: ""— ◆ —"";
  font-size: 10px;
  color: #d4af37;
  letter-spacing: 3px;
}

/* 无精华句：寂灭主题，呼应「美毁灭后的空无」 */
.card-no-highlight {
  font-size: 11px;
  color: var(--pixel-dim);
  text-align: center;
  padding: 20px 0;
  font-style: italic;
}

.card-no-highlight::before {
  content: ""美之寂灭"";
  color: #d4af37;
  display: block;
  font-style: normal;
  font-weight: 600;
  margin-bottom: 6px;
  letter-spacing: 2px;
}

/* 扭蛋名标签：日式藏书票样式，方正规整对应美学偏执 */
.card-style {
  font-size: 9px;
  color: var(--pixel-dark);
  background: rgba(212, 175, 55, 0.12);
  border: 1px solid rgba(212, 175, 55, 0.35);
  padding: 3px 8px;
  border-radius: 1px;
  align-self: flex-start;
  margin-top: 8px;
}

.card-style::before {
  content: ""文体："";
  color: #d4af37;
  font-weight: 600;
}",
314,契诃夫,用契诃夫的文体写日记。选择性包含但不限于：看似无事中暗流涌动，留白比叙述更有力，小人物的大悲哀，未说出口的才是重点，平淡日常下的精神窒息,roleplay,true,,
315,老舍,用老舍的文体写日记。选择性包含但不限于：京味口语的鲜活肌理，小市民的悲喜人生，幽默里藏着的辛酸，对旧时代的温情与批判并存，胡同深处的烟火气,roleplay,true,,
316,菲茨杰拉德,用菲兹杰拉德的文体写日记。选择性包含但不限于：爵士时代的华丽与空虚，绿灯式的遥望与幻灭，精致而脆弱的文字质地，财富表象下的精神荒原，盖茨比式的执念,roleplay,true,"/* ============ 菲茨杰拉德卡片 ============ */
/* 基底：盖茨比派对请柬 · 象牙卡纸 + 双圈金边 */
.gallery-card {
    background-color: #faf6ee;
    color: #1a1a1a;
    border: 1px solid #c4a962;
    font-family: ""Georgia"", ""Times New Roman"", ""Noto Serif SC"", serif;
    padding: 20px 16px 16px 16px;
    box-shadow:
        0 0 0 3px #faf6ee,
        0 0 0 4px #c4a962,
        0 2px 10px rgba(0,0,0,0.08);
    text-align: center;
}

/* 顶部 Art Deco 菱形纹 */
.gallery-card::before {
    content: ""\25C6\00A0\00A0\25C6\00A0\00A0\25C6\00A0\00A0\25C6\00A0\00A0\25C6"";
    display: block;
    font-size: 6px;
    color: #c4a962;
    letter-spacing: 3px;
    text-align: center;
    margin-bottom: 16px;
}

/* 标题：居中、优雅斜体、宽字距 */
.card-title {
    font-size: 14px;
    color: #1a1a1a;
    font-weight: normal;
    font-style: italic;
    text-align: center;
    letter-spacing: 1px;
    line-height: 1.5;
    margin-bottom: 4px;
}

/* 日期：居中、小型大写、宽字距 */
.card-date {
    font-size: 9px;
    color: #8a8a7a;
    text-align: center;
    letter-spacing: 2px;
    margin-bottom: 16px;
    text-transform: uppercase;
}

/* 精华句：金菱形前缀、居中 */
.card-highlight-item {
    font-size: 10px;
    color: #1a1a1a;
    line-height: 1.8;
    margin-bottom: 0;
    text-align: center;
    padding: 0 6px;
}
.card-highlight-item::before {
    content: ""\25C6  "";
    color: #c4a962;
    font-size: 7px;
}

/* 分隔符：金色发丝细线（两侧缩进） */
.hl-sep {
    height: 0;
    border-top: 1px solid #c4a962;
    margin: 8px 32px;
    opacity: 0.3;
}

/* 无精华：克制留白 */
.card-no-highlight {
    font-size: 10px;
    color: #8a8a7a;
    font-style: italic;
    text-align: center;
    margin: 10px 0;
}
.card-no-highlight::before { content: ""[ 今夜的派对格外安静 ]""; }

/* 风格标签：顶部金线 + 宽字距 */
.card-style {
    font-size: 7px;
    color: #8a8a7a;
    text-align: center;
    letter-spacing: 3px;
    margin-top: 16px;
    padding-top: 8px;
    border-top: 1px solid #c4a962;
    opacity: 0.8;
}

/* 底部 Art Deco 菱形纹 */
.card-style::after {
    content: ""\25C6\00A0\00A0\25C6\00A0\00A0\25C6\00A0\00A0\25C6\00A0\00A0\25C6"";
    display: block;
    font-size: 6px;
    color: #c4a962;
    margin-top: 6px;
}

/* hover：金色加深 */
.gallery-card:hover {
    box-shadow:
        0 0 0 3px #faf6ee,
        0 0 0 4px #b8942e,
        0 4px 14px rgba(180, 150, 50, 0.25);
    transform: translate(0, -1px);
}",
317,福克纳,用福克纳的文体写日记。选择性包含但不限于：意识流的多声部交响，时间的非线性折叠，南方家族的衰败气味，长句的窒息感与节奏，约克纳帕塔法县的幽灵,roleplay,true,,
318,沈从文,用沈从文的文体写日记。选择性包含但不限于：湘西边地的清澈水流，质朴人情的温润笔触，自然与人的和谐共处，淡淡的哀愁如暮色，边城式的纯净与遗恨,roleplay,true,,
319,卡缪,用卡缪的文体写日记。选择性包含但不限于：荒诞处境中的清醒凝视，阳光下的冷漠与暴烈，局外人式的情感真空，存在主义的日常化书写，鼠疫式的集体困境,roleplay,true,,
320,伍尔夫,用伍尔夫的文体写日记。选择性包含但不限于：意识流的细腻纹理，时间瞬间的无限展开，内在感知的精确捕捉，灯塔般的远与近，性别意识与自我觉醒,roleplay,true,,
321,莫言,用莫言的文体写日记。选择性包含但不限于：魔幻现实的中国乡土版，感官轰炸式的浓烈叙事，历史暴力的荒诞化处理，嗅觉与味觉的文字化，高粱地里的生与死,roleplay,true,"/* ============ 莫言卡片 ============ */
/* 基底：高密乡土粗草纸 */
.gallery-card {
    background-color: #efe0c4;
    color: #3d2010;
    border: 1px solid #b8a080;
    font-family: ""Georgia"", ""Noto Serif SC"", ""STSong"", serif;
    padding: 12px 14px 14px 14px;
    box-shadow:
        inset 0 0 80px rgba(120, 80, 40, 0.1),
        0 1px 4px rgba(0,0,0,0.12);
    text-align: left;
}

/* 卷头：高密东北乡 + 红高粱横线 */
.gallery-card::before {
    content: ""高 密 东 北 乡"";
    display: block;
    font-size: 10px;
    letter-spacing: 5px;
    color: #6b4a3a;
    border-bottom: 2px solid #9b2d1e;
    padding-bottom: 4px;
    margin-bottom: 10px;
}

/* 标题：粗体大字 */
.card-title {
    font-size: 16px;
    color: #3d2010;
    font-weight: bold;
    line-height: 1.3;
    margin-bottom: 2px;
}

/* 日期：中文格式 */
.card-date {
    font-size: 9px;
    color: #8b6b5a;
    margin-bottom: 10px;
}

/* 精华句：红高粱秆左竖线 */
.card-highlight-item {
    font-size: 11px;
    color: #3d2010;
    line-height: 1.6;
    margin-bottom: 0;
    padding-left: 8px;
    border-left: 2px solid #9b2d1e;
}
.card-highlight-item::before {
    content: none;
}

/* 分隔符：粗红点 */
.hl-sep {
    height: auto;
    text-align: center;
    font-size: 14px;
    color: #9b2d1e;
    margin: 4px 0;
    line-height: 1;
}
.hl-sep::before {
    content: ""\B7  \B7  \B7"";
    letter-spacing: 4px;
}

/* 无精华：宽字距占位 */
.card-no-highlight {
    font-size: 10px;
    color: #8b6b5a;
    text-align: center;
    margin: 8px 0;
    letter-spacing: 2px;
}
.card-no-highlight::before {
    content: ""[ 今 日 无 事 ]"";
}

/* 风格标签：红色横带戳记 */
.card-style {
    font-size: 9px;
    color: #9b2d1e;
    text-align: center;
    letter-spacing: 3px;
    margin-top: 12px;
    padding: 6px 0;
    border-top: 2px solid #9b2d1e;
    border-bottom: 2px solid #9b2d1e;
    font-family: ""KaiTi"", ""STKaiti"", ""Noto Serif SC"", serif;
}

/* hover：红高粱光晕 */
.gallery-card:hover {
    box-shadow:
        0 0 0 2px #9b2d1e,
        inset 0 0 80px rgba(150, 40, 20, 0.08),
        0 2px 8px rgba(150, 40, 20, 0.18);
    transform: translate(-1px, -1px);
}",
322,博尔赫斯,用博尔赫斯的文体写日记。选择性包含但不限于：迷宫与镜像的形而上，无限图书馆的宇宙隐喻，时间分叉的可能性，虚构与真实的边界消融，短篇中的百科全书式密度,roleplay,true,,
323,奥康纳,用奥康纳的文体写日记。选择性包含但不限于：南方哥特的幽暗暴力，怪诞人物的神学寓意，天启时刻的突然降临，残忍与幽默的诡异共存，种族与信仰的深层撕裂,roleplay,true,,
324,太宰治,用太宰治的文体写日记。选择性包含但不限于：自我否定的极致美学，斜阳般的衰败优雅，人间失格式的存在恐惧，撒娇与绝望的暧昧交织，对被爱的病态渴望,roleplay,true,,
325,雨果,用雨果的文体写日记。选择性包含但不限于：史诗般的叙事雄心，对社会不义的激昂控诉，巴黎下水道的宏大与卑微，浪漫主义的情感奔涌，良心与法律的永恒角力,roleplay,true,"/* ============ 雨果卡片 ============ */
/* 基底：19世纪法国小说书页 */
.gallery-card {
    background-color: #f5f0e1;
    color: #2c1810;
    border: 2px double #8b7750;
    font-family: ""Georgia"", ""Times New Roman"", ""Noto Serif SC"", serif;
    padding: 16px 14px 14px 14px;
    box-shadow:
        inset 0 0 60px rgba(139, 119, 80, 0.08),
        0 2px 6px rgba(0,0,0,0.12);
    text-align: left;
}

/* 章节头：C H A P I T R E（小型大写 + 上下细线） */
.gallery-card::before {
    content: ""C H A P I T R E"";
    display: block;
    font-size: 9px;
    letter-spacing: 4px;
    color: #6b5b3e;
    text-align: center;
    border-top: 1px solid #8b7750;
    border-bottom: 1px solid #8b7750;
    padding: 4px 0;
    margin-bottom: 12px;
    font-family: ""Georgia"", serif;
}

/* 标题：章节副标题（居中、斜体、上下装饰横线） */
.card-title {
    font-size: 15px;
    color: #2c1810;
    font-weight: bold;
    font-style: italic;
    text-align: center;
    line-height: 1.4;
    margin-bottom: 8px;
    padding: 0 6px;
}
.card-title::before {
    content: """";
    display: block;
    width: 48px;
    height: 1px;
    background: #8b7750;
    margin: 0 auto 6px auto;
}
.card-title::after {
    content: """";
    display: block;
    width: 48px;
    height: 1px;
    background: #8b7750;
    margin: 6px auto 0 auto;
}

/* 日期：居中、em dash 包裹 */
.card-date {
    font-size: 10px;
    color: #6b5b3e;
    font-style: italic;
    text-align: center;
    margin-bottom: 12px;
}
.card-date::before { content: ""\2014  ""; }
.card-date::after  { content: ""  \2014""; }

/* 精华句：散文段落 */
.card-highlight-item {
    font-size: 11px;
    color: #2c1810;
    line-height: 1.7;
    margin-bottom: 0;
    text-align: justify;
    text-indent: 1.5em;
}
.card-highlight-item::before {
    content: none;
}

/* 首段：取消缩进 + 首字下沉 */
.card-highlight-item:first-child {
    text-indent: 0;
}
.card-highlight-item:first-child::first-letter {
    font-size: 2.4em;
    float: left;
    line-height: 0.85;
    padding-right: 4px;
    padding-top: 1px;
    color: #5c3d1e;
    font-weight: bold;
}

/* 段落间花饰：* * * */
.hl-sep {
    height: auto;
    text-align: center;
    font-size: 10px;
    color: #8b7750;
    letter-spacing: 6px;
    margin: 8px 0;
    line-height: 1;
}
.hl-sep::before {
    content: ""*  *  *"";
}

/* 无精华占位 */
.card-no-highlight {
    font-size: 11px;
    color: #8b7750;
    font-style: italic;
    text-align: center;
    margin: 10px 0;
}
.card-no-highlight::before {
    content: ""[ 今日无记录 ]"";
}

/* 风格标签：底部 colophon */
.card-style {
    font-size: 9px;
    color: #6b5b3e;
    font-style: italic;
    text-align: center;
    margin-top: 12px;
    padding-top: 8px;
    border-top: 1px solid #8b7750;
}
.card-style::before { content: ""\2014  ""; }
.card-style::after  { content: ""  \2014""; }

/* hover：纸张加深 */
.gallery-card:hover {
    box-shadow:
        2px 3px 0 #8b7750,
        inset 0 0 60px rgba(139, 119, 80, 0.12),
        0 2px 8px rgba(0,0,0,0.15);
    transform: translate(-1px, -1px);
}",
326,汪曾祺,用汪曾祺的文体写日记。选择性包含但不限于：冲淡闲适的文人气，美食小品中的生活哲学，短句的留白与韵律，旧式文人的风雅与达观，草木虫鱼的深情凝视,roleplay,true,,
327,余华,用余华的文体写日记。选择性包含但不限于：苦难的冷静白描，暴力场景的克制叙述，活着本身的重量与轻盈，荒诞中的温情，中国当代史的个体创伤,roleplay,true,,
328,波拉尼奥,用波拉尼奥的文体写日记。选择性包含但不限于：流亡者的文学地图，荒野侦探式的诗意漂泊，暴力与文学的双重迷宫，拉美暗面的全景扫描，未完成的与已毁灭的,roleplay,true,,